vehicle_id,msg_seq,tx_t_s,rx_t_s,rx_ok,msg_type,tx_id,rx_id,cam_gdt_ms
veh4,978,0.978559,,0,CAM,4,,978
veh4,1178,1.17856,,0,CAM,4,,1178
veh4,1378,1.37856,,0,CAM,4,,1378
veh4,1578,1.57856,,0,CAM,4,,1578
veh4,1778,1.77856,,0,CAM,4,,1778
veh4,1978,1.97856,,0,CAM,4,,1978
veh4,2069,,2.08708,1,CAM,5,4,2069
veh4,2098,,2.11558,1,CAM,3,4,2098
veh4,2155,,2.16408,1,CAM,6,4,2155
veh4,2178,2.17856,,0,CAM,4,,2178
veh4,2238,,2.24658,1,CAM,11,4,2238
veh4,2269,,2.28708,1,CAM,5,4,2269
veh4,2355,,2.36408,1,CAM,6,4,2355
veh4,2378,2.37856,,0,CAM,4,,2378
veh4,2298,,2.39583,1,CAM,3,4,2298
veh4,2438,,2.44658,1,CAM,11,4,2438
veh4,2469,,2.48708,1,CAM,5,4,2469
veh4,2485,,2.49583,1,CAM,9,4,2485
veh4,2555,,2.56408,1,CAM,6,4,2555
veh4,2573,,2.57933,1,CAM,12,4,2573
veh4,2498,,2.61558,1,CAM,3,4,2498
veh4,2627,,2.63033,1,CAM,10,4,2627
veh4,2638,,2.64658,1,CAM,11,4,2638
veh4,2669,,2.68308,1,CAM,5,4,2669
veh4,2685,,2.69583,1,CAM,9,4,2685
veh4,2728,,2.73208,1,CAM,8,4,2728
veh4,2755,,2.76408,1,CAM,6,4,2755
veh4,2773,,2.77933,1,CAM,12,4,2773
veh4,2772,,2.78783,1,CAM,13,4,2772
veh4,2698,,2.81208,1,CAM,3,4,2698
veh4,2827,,2.83033,1,CAM,10,4,2827
veh4,2838,,2.84658,1,CAM,11,4,2838
veh4,2869,,2.88308,1,CAM,5,4,2869
veh4,2885,,2.89583,1,CAM,9,4,2885
veh4,2928,,2.93208,1,CAM,8,4,2928
veh4,2955,,2.96408,1,CAM,6,4,2955
veh4,2973,,2.97933,1,CAM,12,4,2973
veh4,2972,,2.98783,1,CAM,13,4,2972
veh4,3027,,3.03033,1,CAM,10,4,3027
veh4,3038,,3.04658,1,CAM,11,4,3038
veh4,3069,,3.08308,1,CAM,5,4,3069
veh4,3085,,3.09583,1,CAM,9,4,3085
veh4,3107,,3.12008,1,CAM,16,4,3107
veh4,3128,,3.13208,1,CAM,8,4,3128
veh4,3155,,3.16408,1,CAM,6,4,3155
veh4,3178,3.17856,,0,CAM,4,,3178
veh4,3173,,3.17933,1,CAM,12,4,3173
veh4,3172,,3.18783,1,CAM,13,4,3172
veh4,3227,,3.23033,1,CAM,10,4,3227
veh4,3238,,3.24658,1,CAM,11,4,3238
veh4,3269,,3.28308,1,CAM,5,4,3269
veh4,3285,,3.29108,1,CAM,9,4,3285
veh4,3298,,3.31208,1,CAM,3,4,3298
veh4,3307,,3.32008,1,CAM,16,4,3307
veh4,3328,,3.33358,1,CAM,8,4,3328
veh4,3355,,3.36408,1,CAM,6,4,3355
veh4,3372,,3.38708,1,CAM,13,4,3372
veh4,3373,,3.38958,1,CAM,12,4,3373
veh4,3427,,3.43033,1,CAM,10,4,3427
veh4,3438,,3.44658,1,CAM,11,4,3438
veh4,3469,,3.48308,1,CAM,5,4,3469
veh4,3485,,3.49108,1,CAM,9,4,3485
veh4,3507,,3.51308,1,CAM,16,4,3507
veh4,3528,,3.53358,1,CAM,8,4,3528
veh4,3573,,3.57933,1,CAM,12,4,3573
veh4,3572,,3.58708,1,CAM,13,4,3572
veh4,3627,,3.63033,1,CAM,10,4,3627
veh4,3638,,3.64658,1,CAM,11,4,3638
veh4,3669,,3.68308,1,CAM,5,4,3669
veh4,3685,,3.69108,1,CAM,9,4,3685
veh4,3707,,3.71308,1,CAM,16,4,3707
veh4,3728,,3.73358,1,CAM,8,4,3728
veh4,3773,,3.77933,1,CAM,12,4,3773
veh4,3772,,3.78708,1,CAM,13,4,3772
veh4,3838,,3.84033,1,CAM,11,4,3838
veh4,3827,,3.84358,1,CAM,10,4,3827
veh4,3855,,3.86908,1,CAM,6,4,3855
veh4,3869,,3.88308,1,CAM,5,4,3869
veh4,3898,,3.90583,1,CAM,3,4,3898
veh4,3885,,3.91108,1,CAM,9,4,3885
veh4,3907,,3.91308,1,CAM,16,4,3907
veh4,3928,,3.93358,1,CAM,8,4,3928
veh4,3978,3.97856,,0,CAM,4,,3978
veh4,3972,,3.98708,1,CAM,13,4,3972
veh4,3973,,3.99208,1,CAM,12,4,3973
veh4,4038,,4.04033,1,CAM,11,4,4038
veh4,4027,,4.04358,1,CAM,10,4,4027
veh4,4069,,4.08308,1,CAM,5,4,4069
veh4,4085,,4.09108,1,CAM,9,4,4085
veh4,4107,,4.11308,1,CAM,16,4,4107
veh4,4128,,4.13358,1,CAM,8,4,4128
veh4,4172,,4.18708,1,CAM,13,4,4172
veh4,4173,,4.19208,1,CAM,12,4,4173
veh4,4238,,4.24033,1,CAM,11,4,4238
veh4,4227,,4.24358,1,CAM,10,4,4227
veh4,4225,,4.24483,1,CAM,15,4,4225
veh4,4269,,4.28483,1,CAM,5,4,4269
veh4,4285,,4.29108,1,CAM,9,4,4285
veh4,4307,,4.31308,1,CAM,16,4,4307
veh4,4328,,4.33358,1,CAM,8,4,4328
veh4,4355,,4.36908,1,CAM,6,4,4355
veh4,4372,,4.38708,1,CAM,13,4,4372
veh4,4373,,4.39208,1,CAM,12,4,4373
veh4,4427,,4.44358,1,CAM,10,4,4427
veh4,4425,,4.44483,1,CAM,15,4,4425
veh4,4438,,4.45633,1,CAM,11,4,4438
veh4,4485,,4.49108,1,CAM,9,4,4485
veh4,4499,,4.50558,1,CAM,18,4,4499
veh4,4498,,4.50758,1,CAM,3,4,4498
veh4,4507,,4.51333,1,CAM,16,4,4507
veh4,4528,,4.53358,1,CAM,8,4,4528
veh4,4572,,4.58708,1,CAM,13,4,4572
veh4,4573,,4.59208,1,CAM,12,4,4573
veh4,4627,,4.63983,1,CAM,10,4,4627
veh4,4636,,4.64008,1,CAM,17,4,4636
veh4,4625,,4.64483,1,CAM,15,4,4625
veh4,4638,,4.65633,1,CAM,11,4,4638
veh4,4699,,4.70558,1,CAM,18,4,4699
veh4,4685,,4.70558,1,CAM,9,4,4685
veh4,4707,,4.71333,1,CAM,16,4,4707
veh4,4728,,4.73358,1,CAM,8,4,4728
veh4,4772,,4.77783,1,CAM,13,4,4772
veh4,4778,4.77856,,0,CAM,4,,4778
veh4,4669,,4.78483,1,CAM,5,4,4669
veh4,4825,,4.83808,1,CAM,15,4,4825
veh4,4836,,4.84008,1,CAM,17,4,4836
veh4,4838,,4.85633,1,CAM,11,4,4838
veh4,4855,,4.86283,1,CAM,6,4,4855
veh4,4899,,4.90458,1,CAM,18,4,4899
veh4,4885,,4.90558,1,CAM,9,4,4885
veh4,4907,,4.91333,1,CAM,16,4,4907
veh4,4928,,4.93058,1,CAM,8,4,4928
veh4,4951,,4.96183,1,CAM,19,4,4951
veh4,4972,,4.97783,1,CAM,13,4,4972
veh4,5025,,5.03808,1,CAM,15,4,5025
veh4,5036,,5.04008,1,CAM,17,4,5036
veh4,5038,,5.05808,1,CAM,11,4,5038
veh4,5069,,5.08208,1,CAM,5,4,5069
veh4,5099,,5.10458,1,CAM,18,4,5099
veh4,5098,,5.10758,1,CAM,3,4,5098
veh4,5107,,5.11333,1,CAM,16,4,5107
veh4,5128,,5.13058,1,CAM,8,4,5128
veh4,5151,,5.16183,1,CAM,19,4,5151
veh4,5172,,5.17783,1,CAM,13,4,5172
veh4,5225,,5.23808,1,CAM,15,4,5225
veh4,5227,,5.23983,1,CAM,10,4,5227
veh4,5236,,5.25533,1,CAM,17,4,5236
veh4,5238,,5.25808,1,CAM,11,4,5238
veh4,5173,,5.28433,1,CAM,12,4,5173
veh4,5299,,5.30458,1,CAM,18,4,5299
veh4,5307,,5.31333,1,CAM,16,4,5307
veh4,5328,,5.34708,1,CAM,8,4,5328
veh4,5355,,5.36133,1,CAM,6,4,5355
veh4,5351,,5.36183,1,CAM,19,4,5351
veh4,5372,,5.37783,1,CAM,13,4,5372
veh4,5425,,5.43783,1,CAM,15,4,5425
veh4,5436,,5.45533,1,CAM,17,4,5436
veh4,5438,,5.45808,1,CAM,11,4,5438
veh4,5469,,5.48208,1,CAM,5,4,5469
veh4,5499,,5.50458,1,CAM,18,4,5499
veh4,5485,,5.50558,1,CAM,9,4,5485
veh4,5528,,5.54358,1,CAM,8,4,5528
veh4,5572,,5.57783,1,CAM,13,4,5572
veh4,5578,5.57856,,0,CAM,4,,5578
veh4,5625,,5.63783,1,CAM,15,4,5625
veh4,5636,,5.65533,1,CAM,17,4,5636
veh4,5698,,5.70583,1,CAM,3,4,5698
veh4,5699,,5.71708,1,CAM,18,4,5699
veh4,5728,,5.74358,1,CAM,8,4,5728
veh4,5751,,5.76458,1,CAM,19,4,5751
veh4,5772,,5.77783,1,CAM,13,4,5772
veh4,5773,,5.78883,1,CAM,12,4,5773
veh4,5825,,5.83783,1,CAM,15,4,5825
veh4,5827,,5.83983,1,CAM,10,4,5827
veh4,5836,,5.85533,1,CAM,17,4,5836
veh4,5855,,5.86133,1,CAM,6,4,5855
veh4,5869,,5.87558,1,CAM,5,4,5869
veh4,5899,,5.91708,1,CAM,18,4,5899
veh4,5938,,5.94058,1,CAM,11,4,5938
veh4,5928,,5.94358,1,CAM,8,4,5928
veh4,5951,,5.96458,1,CAM,19,4,5951
veh4,5972,,5.97783,1,CAM,13,4,5972
veh4,6007,,6.01708,1,CAM,16,4,6007
veh4,6025,,6.03283,1,CAM,15,4,6025
veh4,6036,,6.05533,1,CAM,17,4,6036
veh4,6085,,6.10233,1,CAM,9,4,6085
veh4,6099,,6.11708,1,CAM,18,4,6099
veh4,6128,,6.14358,1,CAM,8,4,6128
veh4,6151,,6.15958,1,CAM,19,4,6151
veh4,6225,,6.23283,1,CAM,15,4,6225
veh4,6236,,6.25533,1,CAM,17,4,6236
veh4,6269,,6.27558,1,CAM,5,4,6269
veh4,6298,,6.30583,1,CAM,3,4,6298
veh4,6299,,6.31633,1,CAM,18,4,6299
veh4,6328,,6.34358,1,CAM,8,4,6328
veh4,6355,,6.35658,1,CAM,6,4,6355
veh4,6351,,6.35958,1,CAM,19,4,6351
veh4,6378,6.37856,,0,CAM,4,,6378
veh4,6425,,6.43283,1,CAM,15,4,6425
veh4,6427,,6.44333,1,CAM,10,4,6427
veh4,6436,,6.44358,1,CAM,17,4,6436
veh4,6438,,6.45883,1,CAM,11,4,6438
veh4,6472,,6.47408,1,CAM,13,4,6472
veh4,6499,,6.51633,1,CAM,18,4,6499
veh4,6528,,6.54358,1,CAM,8,4,6528
veh4,6551,,6.55958,1,CAM,19,4,6551
veh4,6578,6.57856,,0,CAM,4,,6578
veh4,6625,,6.63283,1,CAM,15,4,6625
veh4,6636,,6.64358,1,CAM,17,4,6636
veh4,6669,,6.67558,1,CAM,5,4,6669
veh4,6678,6.67856,,0,CAM,4,,6678
veh4,6685,,6.69558,1,CAM,9,4,6685
veh4,6699,,6.71633,1,CAM,18,4,6699
veh4,6707,,6.71708,1,CAM,16,4,6707
veh4,6728,,6.74608,1,CAM,8,4,6728
veh4,6751,,6.75958,1,CAM,19,4,6751
veh4,6778,6.77856,,0,CAM,4,,6778
veh4,6825,,6.83283,1,CAM,15,4,6825
veh4,6836,,6.84358,1,CAM,17,4,6836
veh4,6855,,6.85733,1,CAM,6,4,6855
veh4,6878,6.87856,,0,CAM,4,,6878
veh4,6898,,6.90258,1,CAM,3,4,6898
veh4,6899,,6.91633,1,CAM,18,4,6899
veh4,6928,,6.94608,1,CAM,8,4,6928
veh4,6938,,6.95883,1,CAM,11,4,6938
veh4,6951,,6.96808,1,CAM,19,4,6951
veh4,6972,,6.97408,1,CAM,13,4,6972
veh4,6978,6.97856,,0,CAM,4,,6978
veh4,6973,,6.98883,1,CAM,12,4,6973
veh4,7025,,7.03283,1,CAM,15,4,7025
veh4,7027,,7.04333,1,CAM,10,4,7027
veh4,7036,,7.04358,1,CAM,17,4,7036
veh4,7069,,7.07558,1,CAM,5,4,7069
veh4,7078,7.07856,,0,CAM,4,,7078
veh4,7099,,7.11633,1,CAM,18,4,7099
veh4,7128,,7.14608,1,CAM,8,4,7128
veh4,7151,,7.16808,1,CAM,19,4,7151
veh4,7178,7.17856,,0,CAM,4,,7178
veh4,7225,,7.23283,1,CAM,15,4,7225
veh4,7236,,7.24358,1,CAM,17,4,7236
veh4,7278,7.27856,,0,CAM,4,,7278
veh4,7285,,7.29558,1,CAM,9,4,7285
veh4,7299,,7.31633,1,CAM,18,4,7299
veh4,7328,,7.34608,1,CAM,8,4,7328
veh4,7378,7.37856,,0,CAM,4,,7378
veh4,7385,,7.39558,1,CAM,9,4,7385
veh4,7425,,7.43558,1,CAM,15,4,7425
veh4,7436,,7.43958,1,CAM,17,4,7436
veh4,7438,,7.45883,1,CAM,11,4,7438
veh4,7469,,7.47608,1,CAM,5,4,7469
veh4,7478,7.47856,,0,CAM,4,,7478
veh4,7472,,7.49058,1,CAM,13,4,7472
veh4,7485,,7.49558,1,CAM,9,4,7485
veh4,7499,,7.51633,1,CAM,18,4,7499
veh4,7527,,7.53733,1,CAM,10,4,7527
veh4,7528,,7.54608,1,CAM,8,4,7528
veh4,7578,7.57856,,0,CAM,4,,7578
veh4,7573,,7.58483,1,CAM,12,4,7573
veh4,7585,,7.58933,1,CAM,9,4,7585
veh4,7625,,7.63558,1,CAM,15,4,7625
veh4,7627,,7.63733,1,CAM,10,4,7627
veh4,7636,,7.63958,1,CAM,17,4,7636
veh4,7678,7.67856,,0,CAM,4,,7678
veh4,7685,,7.68933,1,CAM,9,4,7685
veh4,7699,,7.71633,1,CAM,18,4,7699
veh4,7727,,7.73733,1,CAM,10,4,7727
veh4,7728,,7.74608,1,CAM,8,4,7728
veh4,7751,,7.75483,1,CAM,19,4,7751
veh4,7785,,7.78933,1,CAM,9,4,7785
veh4,7825,,7.83558,1,CAM,15,4,7825
veh4,7827,,7.83733,1,CAM,10,4,7827
veh4,7836,,7.83958,1,CAM,17,4,7836
veh4,7869,,7.87608,1,CAM,5,4,7869
veh4,7885,,7.88933,1,CAM,9,4,7885
veh4,7899,,7.91633,1,CAM,18,4,7899
veh4,7927,,7.93733,1,CAM,10,4,7927
veh4,7928,,7.94133,1,CAM,8,4,7928
veh4,7938,,7.95408,1,CAM,11,4,7938
veh4,7972,,7.98683,1,CAM,13,4,7972
veh4,7985,,7.98933,1,CAM,9,4,7985
veh4,8027,,8.03033,1,CAM,10,4,8027
veh4,8025,,8.03558,1,CAM,15,4,8025
veh4,8085,,8.08933,1,CAM,9,4,8085
veh4,8098,,8.11508,1,CAM,3,4,8098
veh4,8099,,8.11633,1,CAM,18,4,8099
veh4,8107,,8.11683,1,CAM,16,4,8107
veh4,8127,,8.13033,1,CAM,10,4,8127
veh4,8185,,8.18933,1,CAM,9,4,8185
veh4,8227,,8.23033,1,CAM,10,4,8227
veh4,8225,,8.23558,1,CAM,15,4,8225
veh4,8228,,8.24133,1,CAM,8,4,8228
veh4,8236,,8.25958,1,CAM,17,4,8236
veh4,8269,,8.27608,1,CAM,5,4,8269
veh4,8272,,8.28683,1,CAM,13,4,8272
veh4,8299,,8.31633,1,CAM,18,4,8299
veh4,8327,,8.33033,1,CAM,10,4,8327
veh4,8325,,8.33558,1,CAM,15,4,8325
veh4,8351,,8.35283,1,CAM,19,4,8351
veh4,8355,,8.36933,1,CAM,6,4,8355
veh4,8425,,8.43558,1,CAM,15,4,8425
veh4,8438,,8.45408,1,CAM,11,4,8438
veh4,8478,8.47856,,0,CAM,4,,8478
veh4,8472,,8.48683,1,CAM,13,4,8472
veh4,8499,,8.51333,1,CAM,18,4,8499
veh4,8525,,8.53558,1,CAM,15,4,8525
veh4,8528,,8.54133,1,CAM,8,4,8528
veh4,8625,,8.62708,1,CAM,15,4,8625
veh4,8636,,8.65233,1,CAM,17,4,8636
veh4,8669,,8.67608,1,CAM,5,4,8669
veh4,8672,,8.68683,1,CAM,13,4,8672
veh4,8699,,8.71333,1,CAM,18,4,8699
veh4,8698,,8.71508,1,CAM,3,4,8698
veh4,8707,,8.71683,1,CAM,16,4,8707
veh4,8725,,8.72708,1,CAM,15,4,8725
veh4,8785,,8.79183,1,CAM,9,4,8785
veh4,8773,,8.79858,1,CAM,12,4,8773
veh4,8807,,8.81558,1,CAM,16,4,8807
veh4,8825,,8.82708,1,CAM,15,4,8825
veh4,8828,,8.84133,1,CAM,8,4,8828
veh4,8855,,8.86933,1,CAM,6,4,8855
veh4,8872,,8.88683,1,CAM,13,4,8872
veh4,8899,,8.91333,1,CAM,18,4,8899
veh4,8907,,8.91558,1,CAM,16,4,8907
veh4,8927,,8.93533,1,CAM,10,4,8927
veh4,8951,,8.95283,1,CAM,19,4,8951
veh4,8938,,8.96158,1,CAM,11,4,8938
veh4,9007,,9.01558,1,CAM,16,4,9007
veh4,9036,,9.04808,1,CAM,17,4,9036
veh4,9072,,9.08483,1,CAM,13,4,9072
veh4,9069,,9.08933,1,CAM,5,4,9069
veh4,9107,,9.11558,1,CAM,16,4,9107
veh4,9128,,9.14133,1,CAM,8,4,9128
veh4,9125,,9.14208,1,CAM,15,4,9125
veh4,9199,,9.21333,1,CAM,18,4,9199
veh4,9207,,9.21558,1,CAM,16,4,9207
veh4,9278,9.27856,,0,CAM,4,,9278
veh4,9272,,9.28483,1,CAM,13,4,9272
veh4,9298,,9.31308,1,CAM,3,4,9298
veh4,9307,,9.31558,1,CAM,16,4,9307
veh4,9355,,9.36858,1,CAM,6,4,9355
veh4,9373,,9.38408,1,CAM,12,4,9373
veh4,9385,,9.39183,1,CAM,9,4,9385
veh4,9407,,9.41558,1,CAM,16,4,9407
veh4,9428,,9.43358,1,CAM,8,4,9428
veh4,9425,,9.44208,1,CAM,15,4,9425
veh4,9436,,9.44808,1,CAM,17,4,9436
veh4,9438,,9.45458,1,CAM,11,4,9438
veh4,9472,,9.48483,1,CAM,13,4,9472
veh4,9469,,9.48933,1,CAM,5,4,9469
veh4,9499,,9.51333,1,CAM,18,4,9499
veh4,9507,,9.51558,1,CAM,16,4,9507
veh4,9527,,9.54533,1,CAM,10,4,9527
veh4,9551,,9.56933,1,CAM,19,4,9551
veh4,9607,,9.61558,1,CAM,16,4,9607
veh4,9672,,9.68483,1,CAM,13,4,9672
veh4,9707,,9.71558,1,CAM,16,4,9707
veh4,9728,,9.73358,1,CAM,8,4,9728
veh4,9725,,9.74208,1,CAM,15,4,9725
veh4,9799,,9.81783,1,CAM,18,4,9799
veh4,9836,,9.84183,1,CAM,17,4,9836
veh4,9855,,9.86858,1,CAM,6,4,9855
veh4,9872,,9.88483,1,CAM,13,4,9872
veh4,9869,,9.88933,1,CAM,5,4,9869
veh4,9898,,9.91308,1,CAM,3,4,9898
veh4,9938,,9.95458,1,CAM,11,4,9938
veh4,9973,,9.99608,1,CAM,12,4,9973
veh4,9985,,10.0003,1,CAM,9,4,9985
veh4,10028,,10.0351,1,CAM,8,4,10028
veh4,10025,,10.0421,1,CAM,15,4,10025
veh4,10078,10.0786,,0,CAM,4,,10078
veh4,10099,,10.1178,1,CAM,18,4,10099
veh4,10125,,10.1421,1,CAM,15,4,10125
veh4,10127,,10.1453,1,CAM,10,4,10127
veh4,10151,,10.1693,1,CAM,19,4,10151
veh4,10236,,10.2418,1,CAM,17,4,10236
veh4,10225,,10.2421,1,CAM,15,4,10225
veh4,10269,,10.2773,1,CAM,5,4,10269
veh4,10272,,10.2851,1,CAM,13,4,10272
veh4,10328,,10.3316,1,CAM,8,4,10328
veh4,10325,,10.3371,1,CAM,15,4,10325
veh4,10355,,10.3686,1,CAM,6,4,10355
veh4,10399,,10.4171,1,CAM,18,4,10399
veh4,10425,,10.4371,1,CAM,15,4,10425
veh4,10438,,10.4573,1,CAM,11,4,10438
veh4,10498,,10.5103,1,CAM,3,4,10498
veh4,10507,,10.5106,1,CAM,16,4,10507
veh4,10525,,10.5371,1,CAM,15,4,10525
veh4,10573,,10.5961,1,CAM,12,4,10573
veh4,10585,,10.6003,1,CAM,9,4,10585
veh4,10628,,10.6316,1,CAM,8,4,10628
veh4,10625,,10.6371,1,CAM,15,4,10625
veh4,10636,,10.6433,1,CAM,17,4,10636
veh4,10669,,10.6773,1,CAM,5,4,10669
veh4,10672,,10.6851,1,CAM,13,4,10672
veh4,10699,,10.7171,1,CAM,18,4,10699
veh4,10727,,10.7288,1,CAM,10,4,10727
veh4,10751,,10.7523,1,CAM,19,4,10751
veh4,10855,,10.8671,1,CAM,6,4,10855
veh4,10878,10.8786,,0,CAM,4,,10878
veh4,10928,,10.9316,1,CAM,8,4,10928
veh4,10925,,10.9371,1,CAM,15,4,10925
veh4,10938,,10.9573,1,CAM,11,4,10938
veh4,10999,,11.0143,1,CAM,18,4,10999
veh4,11036,,11.0433,1,CAM,17,4,11036
veh4,11069,,11.0703,1,CAM,5,4,11069
veh4,11072,,11.0803,1,CAM,13,4,11072
veh4,11098,,11.1103,1,CAM,3,4,11098
veh4,11173,,11.1961,1,CAM,12,4,11173
veh4,11185,,11.2003,1,CAM,9,4,11185
veh4,11228,,11.2316,1,CAM,8,4,11228
veh4,11225,,11.2371,1,CAM,15,4,11225
veh4,11299,,11.3143,1,CAM,18,4,11299
veh4,11307,,11.3248,1,CAM,16,4,11307
veh4,11327,,11.3288,1,CAM,10,4,11327
veh4,11351,,11.3523,1,CAM,19,4,11351
veh4,11355,,11.3621,1,CAM,6,4,11355
veh4,11385,,11.3986,1,CAM,9,4,11385
veh4,11436,,11.4433,1,CAM,17,4,11436
veh4,11438,,11.4546,1,CAM,11,4,11438
veh4,11469,,11.4703,1,CAM,5,4,11469
veh4,11472,,11.4803,1,CAM,13,4,11472
veh4,11528,,11.5296,1,CAM,8,4,11528
veh4,11525,,11.5318,1,CAM,15,4,11525
veh4,11585,,11.5986,1,CAM,9,4,11585
veh4,11599,,11.6143,1,CAM,18,4,11599
veh4,11678,11.6786,,0,CAM,4,,11678
veh4,11698,,11.7078,1,CAM,3,4,11698
veh4,11773,,11.7801,1,CAM,12,4,11773
veh4,11785,,11.7986,1,CAM,9,4,11785
veh4,11828,,11.8296,1,CAM,8,4,11828
veh4,11825,,11.8318,1,CAM,15,4,11825
veh4,11836,,11.8386,1,CAM,17,4,11836
veh4,11855,,11.8621,1,CAM,6,4,11855
veh4,11869,,11.8703,1,CAM,5,4,11869
veh4,11872,,11.8803,1,CAM,13,4,11872
veh4,11899,,11.9143,1,CAM,18,4,11899
veh4,11927,,11.9303,1,CAM,10,4,11927
veh4,11938,,11.9583,1,CAM,11,4,11938
veh4,11951,,11.9616,1,CAM,19,4,11951
veh4,11985,,11.9986,1,CAM,9,4,11985
veh4,12107,,12.1248,1,CAM,16,4,12107
veh4,12128,,12.1296,1,CAM,8,4,12128
veh4,12127,,12.1303,1,CAM,10,4,12127
veh4,12125,,12.1318,1,CAM,15,4,12125
veh4,12185,,12.1986,1,CAM,9,4,12185
veh4,12199,,12.2113,1,CAM,18,4,12199
veh4,12236,,12.2386,1,CAM,17,4,12236
veh4,12278,12.2786,,0,CAM,4,,12278
veh4,12269,,12.2908,1,CAM,5,4,12269
veh4,12298,,12.3078,1,CAM,3,4,12298
veh4,12327,,12.3303,1,CAM,10,4,12327
veh4,12325,,12.3318,1,CAM,15,4,12325
veh4,12355,,12.3621,1,CAM,6,4,12355
veh4,12373,,12.3906,1,CAM,12,4,12373
veh4,12385,,12.3921,1,CAM,9,4,12385
veh4,12425,,12.4318,1,CAM,15,4,12425
veh4,12428,,12.4473,1,CAM,8,4,12428
veh4,12438,,12.4583,1,CAM,11,4,12438
veh4,12478,12.4786,,0,CAM,4,,12478
veh4,12499,,12.5113,1,CAM,18,4,12499
veh4,12527,,12.5303,1,CAM,10,4,12527
veh4,12525,,12.5318,1,CAM,15,4,12525
veh4,12551,,12.5616,1,CAM,19,4,12551
veh4,12625,,12.6261,1,CAM,15,4,12625
veh4,12636,,12.6386,1,CAM,17,4,12636
veh4,12678,12.6786,,0,CAM,4,,12678
veh4,12669,,12.6908,1,CAM,5,4,12669
veh4,12725,,12.7261,1,CAM,15,4,12725
veh4,12727,,12.7303,1,CAM,10,4,12727
veh4,12728,,12.7473,1,CAM,8,4,12728
veh4,12799,,12.8063,1,CAM,18,4,12799
veh4,12825,,12.8261,1,CAM,15,4,12825
veh4,12855,,12.8658,1,CAM,6,4,12855
veh4,12878,12.8786,,0,CAM,4,,12878
veh4,12898,,12.9048,1,CAM,3,4,12898
veh4,12907,,12.9256,1,CAM,16,4,12907
veh4,12925,,12.9261,1,CAM,15,4,12925
veh4,12927,,12.9448,1,CAM,10,4,12927
veh4,12938,,12.9583,1,CAM,11,4,12938
veh4,12973,,12.9906,1,CAM,12,4,12973
veh4,12985,,12.9921,1,CAM,9,4,12985
veh4,13028,,13.0473,1,CAM,8,4,13028
veh4,13036,,13.0558,1,CAM,17,4,13036
veh4,13078,13.0786,,0,CAM,4,,13078
veh4,13072,,13.0821,1,CAM,13,4,13072
veh4,13069,,13.0898,1,CAM,5,4,13069
veh4,13099,,13.1063,1,CAM,18,4,13099
veh4,13107,,13.1256,1,CAM,16,4,13107
veh4,13127,,13.1448,1,CAM,10,4,13127
veh4,13151,,13.1626,1,CAM,19,4,13151
veh4,13225,,13.2261,1,CAM,15,4,13225
veh4,13278,13.2786,,0,CAM,4,,13278
veh4,13272,,13.2821,1,CAM,13,4,13272
veh4,13307,,13.3256,1,CAM,16,4,13307
veh4,13327,,13.3448,1,CAM,10,4,13327
veh4,13328,,13.3461,1,CAM,8,4,13328
veh4,13355,,13.3658,1,CAM,6,4,13355
veh4,13399,,13.4063,1,CAM,18,4,13399
veh4,13436,,13.4376,1,CAM,17,4,13436
veh4,13438,,13.4526,1,CAM,11,4,13438
veh4,13478,13.4786,,0,CAM,4,,13478
veh4,13472,,13.4821,1,CAM,13,4,13472
veh4,13469,,13.4898,1,CAM,5,4,13469
veh4,13498,,13.5158,1,CAM,3,4,13498
veh4,13507,,13.5256,1,CAM,16,4,13507
veh4,13525,,13.5261,1,CAM,15,4,13525
veh4,13585,,13.5888,1,CAM,9,4,13585
veh4,13573,,13.6121,1,CAM,12,4,13573
veh4,13628,,13.6461,1,CAM,8,4,13628
veh4,13672,,13.6821,1,CAM,13,4,13672
veh4,13699,,13.7063,1,CAM,18,4,13699
veh4,13707,,13.7256,1,CAM,16,4,13707
veh4,13751,,13.7626,1,CAM,19,4,13751
veh4,13825,,13.8323,1,CAM,15,4,13825
veh4,13836,,13.8376,1,CAM,17,4,13836
veh4,13855,,13.8596,1,CAM,6,4,13855
veh4,13872,,13.8831,1,CAM,13,4,13872
veh4,13907,,13.9266,1,CAM,16,4,13907
veh4,13928,,13.9436,1,CAM,8,4,13928
veh4,13927,,13.9448,1,CAM,10,4,13927
veh4,13938,,13.9526,1,CAM,11,4,13938
veh4,13999,,14.0051,1,CAM,18,4,13999
veh4,14072,,14.0831,1,CAM,13,4,14072
veh4,14098,,14.1158,1,CAM,3,4,14098
veh4,14107,,14.1266,1,CAM,16,4,14107
veh4,14125,,14.1323,1,CAM,15,4,14125
veh4,14185,,14.1878,1,CAM,9,4,14185
veh4,14173,,14.2121,1,CAM,12,4,14173
veh4,14236,,14.2376,1,CAM,17,4,14236
veh4,14228,,14.2436,1,CAM,8,4,14228
veh4,14278,14.2786,,0,CAM,4,,14278
veh4,14272,,14.2831,1,CAM,13,4,14272
veh4,14269,,14.2886,1,CAM,5,4,14269
veh4,14299,,14.3051,1,CAM,18,4,14299
veh4,14307,,14.3266,1,CAM,16,4,14307
veh4,14351,,14.3548,1,CAM,19,4,14351
veh4,14355,,14.3751,1,CAM,6,4,14355
veh4,14425,,14.4323,1,CAM,15,4,14425
veh4,14438,,14.4526,1,CAM,11,4,14438
veh4,14472,,14.4831,1,CAM,13,4,14472
veh4,14507,,14.5266,1,CAM,16,4,14507
veh4,14527,,14.5411,1,CAM,10,4,14527
veh4,14528,,14.5436,1,CAM,8,4,14528
veh4,14599,,14.6051,1,CAM,18,4,14599
veh4,14636,,14.6556,1,CAM,17,4,14636
veh4,14672,,14.6831,1,CAM,13,4,14672
veh4,14669,,14.6848,1,CAM,5,4,14669
veh4,14698,,14.7168,1,CAM,3,4,14698
veh4,14707,,14.7266,1,CAM,16,4,14707
veh4,14725,,14.7323,1,CAM,15,4,14725
veh4,14773,,14.7788,1,CAM,12,4,14773
veh4,14785,,14.7878,1,CAM,9,4,14785
veh4,14825,,14.8323,1,CAM,15,4,14825
veh4,14828,,14.8436,1,CAM,8,4,14828
veh4,14855,,14.8751,1,CAM,6,4,14855
veh4,14872,,14.8831,1,CAM,13,4,14872
veh4,14899,,14.9051,1,CAM,18,4,14899
veh4,14907,,14.9266,1,CAM,16,4,14907
veh4,14925,,14.9323,1,CAM,15,4,14925
veh4,14938,,14.9481,1,CAM,11,4,14938
veh4,14951,,14.9548,1,CAM,19,4,14951
veh4,15025,,15.0323,1,CAM,15,4,15025
veh4,15036,,15.0556,1,CAM,17,4,15036
veh4,15078,15.0786,,0,CAM,4,,15078
veh4,15069,,15.0848,1,CAM,5,4,15069
veh4,15107,,15.1176,1,CAM,16,4,15107
veh4,15125,,15.1323,1,CAM,15,4,15125
veh4,15127,,15.1411,1,CAM,10,4,15127
veh4,15172,,15.1751,1,CAM,13,4,15172
veh4,15199,,15.2038,1,CAM,18,4,15199
veh4,15225,,15.2323,1,CAM,15,4,15225
veh4,15128,,15.2436,1,CAM,8,4,15128
veh4,15298,,15.3168,1,CAM,3,4,15298
veh4,15325,,15.3286,1,CAM,15,4,15325
veh4,15355,,15.3741,1,CAM,6,4,15355
veh4,15373,,15.3766,1,CAM,12,4,15373
veh4,15385,,15.3936,1,CAM,9,4,15385
veh4,15425,,15.4286,1,CAM,15,4,15425
veh4,15428,,15.4431,1,CAM,8,4,15428
veh4,15438,,15.4481,1,CAM,11,4,15438
veh4,15436,,15.4508,1,CAM,17,4,15436
veh4,15472,,15.4751,1,CAM,13,4,15472
veh4,15469,,15.4848,1,CAM,5,4,15469
veh4,15499,,15.5038,1,CAM,18,4,15499
veh4,15525,,15.5286,1,CAM,15,4,15525
veh4,15551,,15.5686,1,CAM,19,4,15551
veh4,15707,,15.7176,1,CAM,16,4,15707
veh4,15727,,15.7311,1,CAM,10,4,15727
veh4,15728,,15.7431,1,CAM,8,4,15728
veh4,15772,,15.7751,1,CAM,13,4,15772
veh4,15785,,15.7936,1,CAM,9,4,15785
veh4,15799,,15.8038,1,CAM,18,4,15799
veh4,15825,,15.8286,1,CAM,15,4,15825
veh4,15827,,15.8311,1,CAM,10,4,15827
veh4,15836,,15.8508,1,CAM,17,4,15836
veh4,15855,,15.8741,1,CAM,6,4,15855
veh4,15878,15.8786,,0,CAM,4,,15878
veh4,15869,,15.8813,1,CAM,5,4,15869
veh4,15885,,15.8936,1,CAM,9,4,15885
veh4,15898,,15.9143,1,CAM,3,4,15898
veh4,15927,,15.9311,1,CAM,10,4,15927
veh4,15938,,15.9681,1,CAM,11,4,15938
veh4,15973,,15.9766,1,CAM,12,4,15973
veh4,15985,,15.9936,1,CAM,9,4,15985
veh4,16027,,16.0311,1,CAM,10,4,16027
veh4,16028,,16.0431,1,CAM,8,4,16028
veh4,16072,,16.0751,1,CAM,13,4,16072
veh4,16085,,16.0936,1,CAM,9,4,16085
veh4,16099,,16.1038,1,CAM,18,4,16099
veh4,16125,,16.1286,1,CAM,15,4,16125
veh4,16127,,16.1311,1,CAM,10,4,16127
veh4,16151,,16.1686,1,CAM,19,4,16151
veh4,16185,,16.1936,1,CAM,9,4,16185
veh4,16227,,16.2311,1,CAM,10,4,16227
veh4,16236,,16.2508,1,CAM,17,4,16236
veh4,16269,,16.2813,1,CAM,5,4,16269
veh4,16285,,16.2936,1,CAM,9,4,16285
veh4,16307,,16.3128,1,CAM,16,4,16307
veh4,16327,,16.3311,1,CAM,10,4,16327
veh4,16328,,16.3431,1,CAM,8,4,16328
veh4,16355,,16.3563,1,CAM,6,4,16355
veh4,16372,,16.3733,1,CAM,13,4,16372
veh4,16385,,16.3876,1,CAM,9,4,16385
veh4,16399,,16.4163,1,CAM,18,4,16399
veh4,16427,,16.4311,1,CAM,10,4,16427
veh4,16425,,16.4416,1,CAM,15,4,16425
veh4,16438,,16.4708,1,CAM,11,4,16438
veh4,16485,,16.4876,1,CAM,9,4,16485
veh4,16498,,16.5143,1,CAM,3,4,16498
veh4,16527,,16.5311,1,CAM,10,4,16527
veh4,16585,,16.5876,1,CAM,9,4,16585
veh4,16573,,16.5938,1,CAM,12,4,16573
veh4,16627,,16.6311,1,CAM,10,4,16627
veh4,16628,,16.6396,1,CAM,8,4,16628
veh4,16636,,16.6496,1,CAM,17,4,16636
veh4,16672,,16.6733,1,CAM,13,4,16672
veh4,16678,16.6786,,0,CAM,4,,16678
veh4,16669,,16.6798,1,CAM,5,4,16669
veh4,16685,,16.6876,1,CAM,9,4,16685
veh4,16699,,16.7163,1,CAM,18,4,16699
veh4,16725,,16.7416,1,CAM,15,4,16725
veh4,16751,,16.7658,1,CAM,19,4,16751
veh4,16778,16.7786,,0,CAM,4,,16778
veh4,16855,,16.8563,1,CAM,6,4,16855
veh4,16878,16.8786,,0,CAM,4,,16878
veh4,16907,,16.9128,1,CAM,16,4,16907
veh4,16928,,16.9396,1,CAM,8,4,16928
veh4,16938,,16.9508,1,CAM,11,4,16938
veh4,16972,,16.9743,1,CAM,13,4,16972
veh4,16978,16.9786,,0,CAM,4,,16978
veh4,16999,,17.0163,1,CAM,18,4,16999
veh4,17025,,17.0416,1,CAM,15,4,17025
veh4,17036,,17.0496,1,CAM,17,4,17036
veh4,17069,,17.0718,1,CAM,5,4,17069
veh4,17078,17.0786,,0,CAM,4,,17078
veh4,17178,17.1786,,0,CAM,4,,17178
veh4,17173,,17.1938,1,CAM,12,4,17173
veh4,17098,,17.2143,1,CAM,3,4,17098
veh4,17227,,17.2338,1,CAM,10,4,17227
veh4,17228,,17.2396,1,CAM,8,4,17228
veh4,17272,,17.2743,1,CAM,13,4,17272
veh4,17278,17.2786,,0,CAM,4,,17278
veh4,17285,,17.2876,1,CAM,9,4,17285
veh4,17299,,17.3163,1,CAM,18,4,17299
veh4,17325,,17.3416,1,CAM,15,4,17325
veh4,17351,,17.3658,1,CAM,19,4,17351
veh4,17355,,17.3738,1,CAM,6,4,17355
veh4,17378,17.3786,,0,CAM,4,,17378
veh4,17436,,17.4398,1,CAM,17,4,17436
veh4,17438,,17.4436,1,CAM,11,4,17438
veh4,17469,,17.4718,1,CAM,5,4,17469
veh4,17478,17.4786,,0,CAM,4,,17478
veh4,17507,,17.5158,1,CAM,16,4,17507
veh4,17528,,17.5403,1,CAM,8,4,17528
veh4,17572,,17.5743,1,CAM,13,4,17572
veh4,17578,17.5786,,0,CAM,4,,17578
veh4,17599,,17.6033,1,CAM,18,4,17599
veh4,17607,,17.6158,1,CAM,16,4,17607
veh4,17625,,17.6416,1,CAM,15,4,17625
veh4,17678,17.6786,,0,CAM,4,,17678
veh4,17698,,17.7053,1,CAM,3,4,17698
veh4,17707,,17.7158,1,CAM,16,4,17707
veh4,17778,17.7786,,0,CAM,4,,17778
veh4,17773,,17.7886,1,CAM,12,4,17773
veh4,17807,,17.8158,1,CAM,16,4,17807
veh4,17827,,17.8338,1,CAM,10,4,17827
veh4,17836,,17.8398,1,CAM,17,4,17836
veh4,17828,,17.8403,1,CAM,8,4,17828
veh4,17855,,17.8698,1,CAM,6,4,17855
veh4,17869,,17.8718,1,CAM,5,4,17869
veh4,17872,,17.8836,1,CAM,13,4,17872
veh4,17885,,17.9046,1,CAM,9,4,17885
veh4,17899,,17.9111,1,CAM,18,4,17899
veh4,17907,,17.9146,1,CAM,16,4,17907
veh4,17938,,17.9436,1,CAM,11,4,17938
veh4,17925,,17.9441,1,CAM,15,4,17925
veh4,17951,,17.9586,1,CAM,19,4,17951
veh4,18007,,18.0146,1,CAM,16,4,18007
veh4,18107,,18.1146,1,CAM,16,4,18107
veh4,18128,,18.1433,1,CAM,8,4,18128
veh4,18172,,18.1836,1,CAM,13,4,18172
veh4,18199,,18.2111,1,CAM,18,4,18199
veh4,18207,,18.2146,1,CAM,16,4,18207
veh4,18236,,18.2426,1,CAM,17,4,18236
veh4,18225,,18.2441,1,CAM,15,4,18225
veh4,18269,,18.2753,1,CAM,5,4,18269
veh4,18298,,18.3046,1,CAM,3,4,18298
veh4,18307,,18.3146,1,CAM,16,4,18307
veh4,18355,,18.3698,1,CAM,6,4,18355
veh4,18373,,18.4018,1,CAM,12,4,18373
veh4,18407,,18.4146,1,CAM,16,4,18407
veh4,18427,,18.4418,1,CAM,10,4,18427
veh4,18428,,18.4433,1,CAM,8,4,18428
veh4,18438,,18.4436,1,CAM,11,4,18438
veh4,18472,,18.4836,1,CAM,13,4,18472
veh4,18485,,18.5046,1,CAM,9,4,18485
veh4,18499,,18.5111,1,CAM,18,4,18499
veh4,18507,,18.5146,1,CAM,16,4,18507
veh4,18525,,18.5433,1,CAM,15,4,18525
veh4,18551,,18.5586,1,CAM,19,4,18551
veh4,18578,18.5786,,0,CAM,4,,18578
veh4,18636,,18.6426,1,CAM,17,4,18636
veh4,18669,,18.6753,1,CAM,5,4,18669
veh4,18728,,18.7433,1,CAM,8,4,18728
veh4,18772,,18.7836,1,CAM,13,4,18772
veh4,18799,,18.8111,1,CAM,18,4,18799
veh4,18825,,18.8433,1,CAM,15,4,18825
veh4,18855,,18.8698,1,CAM,6,4,18855
veh4,18898,,18.9046,1,CAM,3,4,18898
veh4,18938,,18.9436,1,CAM,11,4,18938
veh4,18973,,18.9836,1,CAM,12,4,18973
veh4,19007,,19.0146,1,CAM,16,4,19007
veh4,19027,,19.0418,1,CAM,10,4,19027
veh4,19036,,19.0426,1,CAM,17,4,19036
veh4,19028,,19.0433,1,CAM,8,4,19028
veh4,19069,,19.0753,1,CAM,5,4,19069
veh4,19072,,19.0853,1,CAM,13,4,19072
veh4,19085,,19.0981,1,CAM,9,4,19085
veh4,19099,,19.1133,1,CAM,18,4,19099
veh4,19125,,19.1433,1,CAM,15,4,19125
veh4,19151,,19.1591,1,CAM,19,4,19151
veh4,19207,,19.2138,1,CAM,16,4,19207
veh4,19328,,19.3376,1,CAM,8,4,19328
veh4,19355,,19.3756,1,CAM,6,4,19355
veh4,19378,19.3786,,0,CAM,4,,19378
veh4,19372,,19.3853,1,CAM,13,4,19372
veh4,19399,,19.4133,1,CAM,18,4,19399
veh4,19407,,19.4138,1,CAM,16,4,19407
veh4,19428,,19.4376,1,CAM,8,4,19428
veh4,19436,,19.4426,1,CAM,17,4,19436
veh4,19425,,19.4433,1,CAM,15,4,19425
veh4,19438,,19.4436,1,CAM,11,4,19438
veh4,19469,,19.4711,1,CAM,5,4,19469
veh4,19498,,19.5063,1,CAM,3,4,19498
veh4,19528,,19.5376,1,CAM,8,4,19528
veh4,19573,,19.5836,1,CAM,12,4,19573
veh4,19607,,19.6138,1,CAM,16,4,19607
veh4,19627,,19.6356,1,CAM,10,4,19627
veh4,19628,,19.6376,1,CAM,8,4,19628
veh4,19672,,19.6853,1,CAM,13,4,19672
veh4,19685,,19.6946,1,CAM,9,4,19685
veh4,19699,,19.7028,1,CAM,18,4,19699
veh4,19728,,19.7376,1,CAM,8,4,19728
veh4,19725,,19.7433,1,CAM,15,4,19725
veh4,19751,,19.7556,1,CAM,19,4,19751
veh4,19807,,19.8138,1,CAM,16,4,19807
veh4,19828,,19.8376,1,CAM,8,4,19828
veh4,19836,,19.8393,1,CAM,17,4,19836
veh4,19869,,19.8711,1,CAM,5,4,19869
veh4,19855,,19.8756,1,CAM,6,4,19855
veh4,19928,,19.9376,1,CAM,8,4,19928
veh4,19938,,19.9458,1,CAM,11,4,19938
veh4,19972,,19.9853,1,CAM,13,4,19972
veh4,19999,,20.0028,1,CAM,18,4,19999
veh4,20007,,20.0138,1,CAM,16,4,20007
veh4,20025,,20.0323,1,CAM,15,4,20025
veh4,20098,,20.1063,1,CAM,3,4,20098
veh4,20178,20.1786,,0,CAM,4,,20178
veh4,20207,,20.2138,1,CAM,16,4,20207
veh4,20227,,20.2356,1,CAM,10,4,20227
veh4,20228,,20.2376,1,CAM,8,4,20228
veh4,20236,,20.2393,1,CAM,17,4,20236
veh4,20269,,20.2808,1,CAM,5,4,20269
veh4,20272,,20.2816,1,CAM,13,4,20272
veh4,20285,,20.2896,1,CAM,9,4,20285
veh4,20173,,20.2948,1,CAM,12,4,20173
veh4,20299,,20.3028,1,CAM,18,4,20299
veh4,20325,,20.3323,1,CAM,15,4,20325
veh4,20351,,20.3556,1,CAM,19,4,20351
veh4,20355,,20.3753,1,CAM,6,4,20355
veh4,20407,,20.4126,1,CAM,16,4,20407
veh4,20438,,20.4406,1,CAM,11,4,20438
veh4,20528,,20.5328,1,CAM,8,4,20528
veh4,20572,,20.5816,1,CAM,13,4,20572
veh4,20607,,20.6126,1,CAM,16,4,20607
veh4,20599,,20.6153,1,CAM,18,4,20599
veh4,20625,,20.6303,1,CAM,15,4,20625
veh4,20636,,20.6378,1,CAM,17,4,20636
veh4,20669,,20.6808,1,CAM,5,4,20669
veh4,20685,,20.6896,1,CAM,9,4,20685
veh4,20698,,20.7006,1,CAM,3,4,20698
veh4,20727,,20.7351,1,CAM,10,4,20727
veh4,20773,,20.7863,1,CAM,12,4,20773
veh4,20807,,20.8126,1,CAM,16,4,20807
veh4,20828,,20.8328,1,CAM,8,4,20828
veh4,20827,,20.8351,1,CAM,10,4,20827
veh4,20855,,20.8753,1,CAM,6,4,20855
veh4,20872,,20.8816,1,CAM,13,4,20872
veh4,20885,,20.8896,1,CAM,9,4,20885
veh4,20899,,20.9153,1,CAM,18,4,20899
veh4,20925,,20.9303,1,CAM,15,4,20925
veh4,20927,,20.9351,1,CAM,10,4,20927
veh4,20938,,20.9406,1,CAM,11,4,20938
veh4,20951,,20.9556,1,CAM,19,4,20951
veh4,20978,20.9786,,0,CAM,4,,20978
veh4,21007,,21.0126,1,CAM,16,4,21007
veh4,21027,,21.0351,1,CAM,10,4,21027
veh4,21036,,21.0378,1,CAM,17,4,21036
veh4,21069,,21.0808,1,CAM,5,4,21069
veh4,21085,,21.0896,1,CAM,9,4,21085
veh4,21127,,21.1351,1,CAM,10,4,21127
veh4,21128,,21.1468,1,CAM,8,4,21128
veh4,21172,,21.1816,1,CAM,13,4,21172
veh4,21207,,21.2116,1,CAM,16,4,21207
veh4,21199,,21.2153,1,CAM,18,4,21199
veh4,21225,,21.2303,1,CAM,15,4,21225
veh4,21227,,21.2351,1,CAM,10,4,21227
veh4,21285,,21.2896,1,CAM,9,4,21285
veh4,21298,,21.3006,1,CAM,3,4,21298
veh4,21307,,21.3116,1,CAM,16,4,21307
veh4,21327,,21.3351,1,CAM,10,4,21327
veh4,21355,,21.3753,1,CAM,6,4,21355
veh4,21373,,21.3938,1,CAM,12,4,21373
veh4,21407,,21.4116,1,CAM,16,4,21407
veh4,21427,,21.4351,1,CAM,10,4,21427
veh4,21438,,21.4406,1,CAM,11,4,21438
veh4,21428,,21.4468,1,CAM,8,4,21428
veh4,21436,,21.4528,1,CAM,17,4,21436
veh4,21472,,21.4796,1,CAM,13,4,21472
veh4,21469,,21.4808,1,CAM,5,4,21469
veh4,21485,,21.4916,1,CAM,9,4,21485
veh4,21507,,21.5116,1,CAM,16,4,21507
veh4,21499,,21.5176,1,CAM,18,4,21499
veh4,21525,,21.5303,1,CAM,15,4,21525
veh4,21527,,21.5351,1,CAM,10,4,21527
veh4,21528,,21.5468,1,CAM,8,4,21528
veh4,21607,,21.6116,1,CAM,16,4,21607
veh4,21627,,21.6351,1,CAM,10,4,21627
veh4,21628,,21.6468,1,CAM,8,4,21628
veh4,21685,,21.6916,1,CAM,9,4,21685
veh4,21707,,21.7116,1,CAM,16,4,21707
veh4,21727,,21.7351,1,CAM,10,4,21727
veh4,21728,,21.7468,1,CAM,8,4,21728
veh4,21778,21.7786,,0,CAM,4,,21778
veh4,21772,,21.7796,1,CAM,13,4,21772
veh4,21807,,21.8116,1,CAM,16,4,21807
veh4,21799,,21.8176,1,CAM,18,4,21799
veh4,21825,,21.8303,1,CAM,15,4,21825
veh4,21828,,21.8426,1,CAM,8,4,21828
veh4,21836,,21.8471,1,CAM,17,4,21836
veh4,21855,,21.8648,1,CAM,6,4,21855
veh4,21869,,21.8788,1,CAM,5,4,21869
veh4,21885,,21.8916,1,CAM,9,4,21885
veh4,21898,,21.9071,1,CAM,3,4,21898
veh4,21907,,21.9116,1,CAM,16,4,21907
veh4,21928,,21.9426,1,CAM,8,4,21928
veh4,21938,,21.9441,1,CAM,11,4,21938
veh4,21973,,21.9938,1,CAM,12,4,21973
veh4,22028,,22.0426,1,CAM,8,4,22028
veh4,22072,,22.0796,1,CAM,13,4,22072
veh4,22085,,22.0916,1,CAM,9,4,22085
veh4,22128,,22.1426,1,CAM,8,4,22128
veh4,22125,,22.1428,1,CAM,15,4,22125
veh4,22207,,22.2091,1,CAM,16,4,22207
veh4,22236,,22.2471,1,CAM,17,4,22236
veh4,22151,,22.2516,1,CAM,19,4,22151
veh4,22269,,22.2788,1,CAM,5,4,22269
veh4,22327,,22.3366,1,CAM,10,4,22327
veh4,22355,,22.3648,1,CAM,6,4,22355
veh4,22372,,22.3796,1,CAM,13,4,22372
veh4,22428,,22.4426,1,CAM,8,4,22428
veh4,22425,,22.4428,1,CAM,15,4,22425
veh4,22438,,22.4441,1,CAM,11,4,22438
veh4,22498,,22.5071,1,CAM,3,4,22498
veh4,22507,,22.5091,1,CAM,16,4,22507
veh4,22399,,22.5176,1,CAM,18,4,22399
veh4,22573,,22.5763,1,CAM,12,4,22573
veh4,22578,22.5786,,0,CAM,4,,22578
veh4,22636,,22.6471,1,CAM,17,4,22636
veh4,22669,,22.6788,1,CAM,5,4,22669
veh4,22672,,22.6833,1,CAM,13,4,22672
veh4,22685,,22.6908,1,CAM,9,4,22685
veh4,22699,,22.7176,1,CAM,18,4,22699
veh4,22728,,22.7426,1,CAM,8,4,22728
veh4,22725,,22.7428,1,CAM,15,4,22725
veh4,22751,,22.7688,1,CAM,19,4,22751
veh4,22807,,22.8091,1,CAM,16,4,22807
veh4,22855,,22.8641,1,CAM,6,4,22855
veh4,22938,,22.9418,1,CAM,11,4,22938
veh4,22927,,22.9423,1,CAM,10,4,22927
veh4,22972,,22.9833,1,CAM,13,4,22972
veh4,22999,,23.0196,1,CAM,18,4,22999
veh4,23028,,23.0438,1,CAM,8,4,23028
veh4,23036,,23.0546,1,CAM,17,4,23036
veh4,23069,,23.0818,1,CAM,5,4,23069
veh4,23098,,23.1013,1,CAM,3,4,23098
veh4,23025,,23.1423,1,CAM,15,4,23025
veh4,23178,23.1786,,0,CAM,4,,23178
veh4,23272,,23.2833,1,CAM,13,4,23272
veh4,23285,,23.2908,1,CAM,9,4,23285
veh4,23299,,23.3196,1,CAM,18,4,23299
veh4,23325,,23.3423,1,CAM,15,4,23325
veh4,23328,,23.3438,1,CAM,8,4,23328
veh4,23355,,23.3643,1,CAM,6,4,23355
veh4,23351,,23.3688,1,CAM,19,4,23351
veh4,23378,23.3786,,0,CAM,4,,23378
veh4,23407,,23.4268,1,CAM,16,4,23407
veh4,23438,,23.4418,1,CAM,11,4,23438
veh4,23428,,23.4438,1,CAM,8,4,23428
veh4,23436,,23.4546,1,CAM,17,4,23436
veh4,23469,,23.4818,1,CAM,5,4,23469
veh4,23527,,23.5308,1,CAM,10,4,23527
veh4,23528,,23.5438,1,CAM,8,4,23528
veh4,23578,23.5786,,0,CAM,4,,23578
veh4,23572,,23.5833,1,CAM,13,4,23572
veh4,23599,,23.6196,1,CAM,18,4,23599
veh4,23625,,23.6311,1,CAM,15,4,23625
veh4,23628,,23.6438,1,CAM,8,4,23628
veh4,23672,,23.6833,1,CAM,13,4,23672
veh4,23699,,23.7196,1,CAM,18,4,23699
veh4,23698,,23.7256,1,CAM,3,4,23698
veh4,23707,,23.7268,1,CAM,16,4,23707
veh4,23728,,23.7438,1,CAM,8,4,23728
veh4,23778,23.7786,,0,CAM,4,,23778
veh4,23772,,23.7833,1,CAM,13,4,23772
veh4,23773,,23.7916,1,CAM,12,4,23773
veh4,23799,,23.8196,1,CAM,18,4,23799
veh4,23828,,23.8423,1,CAM,8,4,23828
veh4,23836,,23.8473,1,CAM,17,4,23836
veh4,23855,,23.8643,1,CAM,6,4,23855
veh4,23872,,23.8833,1,CAM,13,4,23872
veh4,23885,,23.8891,1,CAM,9,4,23885
veh4,23899,,23.9196,1,CAM,18,4,23899
veh4,23925,,23.9311,1,CAM,15,4,23925
veh4,23928,,23.9423,1,CAM,8,4,23928
veh4,23951,,23.9518,1,CAM,19,4,23951
veh4,23938,,23.9521,1,CAM,11,4,23938
veh4,23869,,23.9708,1,CAM,5,4,23869
veh4,23969,,23.9708,1,CAM,5,4,23969
veh4,23978,23.9786,,0,CAM,4,,23978
veh4,23999,,24.0196,1,CAM,18,4,23999
veh4,24007,,24.0268,1,CAM,16,4,24007
veh4,24069,,24.0708,1,CAM,5,4,24069
veh4,24099,,24.1158,1,CAM,18,4,24099
veh4,24127,,24.1308,1,CAM,10,4,24127
veh4,24169,,24.1708,1,CAM,5,4,24169
veh4,24178,24.1786,,0,CAM,4,,24178
veh4,24072,,24.1813,1,CAM,13,4,24072
veh4,24199,,24.2158,1,CAM,18,4,24199
veh4,24225,,24.2311,1,CAM,15,4,24225
veh4,24228,,24.2423,1,CAM,8,4,24228
veh4,24236,,24.2473,1,CAM,17,4,24236
veh4,24269,,24.2708,1,CAM,5,4,24269
veh4,24307,,24.3086,1,CAM,16,4,24307
veh4,24299,,24.3158,1,CAM,18,4,24299
veh4,24355,,24.3643,1,CAM,6,4,24355
veh4,24369,,24.3708,1,CAM,5,4,24369
veh4,24378,24.3786,,0,CAM,4,,24378
veh4,24373,,24.4016,1,CAM,12,4,24373
veh4,24399,,24.4158,1,CAM,18,4,24399
veh4,24438,,24.4521,1,CAM,11,4,24438
veh4,24469,,24.4708,1,CAM,5,4,24469
veh4,24485,,24.4891,1,CAM,9,4,24485
veh4,24525,,24.5311,1,CAM,15,4,24525
veh4,24528,,24.5423,1,CAM,8,4,24528
veh4,24551,,24.5518,1,CAM,19,4,24551
veh4,24569,,24.5728,1,CAM,5,4,24569
veh4,24578,24.5786,,0,CAM,4,,24578
veh4,24472,,24.5813,1,CAM,13,4,24472
veh4,24607,,24.6086,1,CAM,16,4,24607
veh4,24636,,24.6473,1,CAM,17,4,24636
veh4,24669,,24.6728,1,CAM,5,4,24669
veh4,24699,,24.7158,1,CAM,18,4,24699
veh4,24727,,24.7306,1,CAM,10,4,24727
veh4,24778,24.7786,,0,CAM,4,,24778
veh4,24825,,24.8263,1,CAM,15,4,24825
veh4,24828,,24.8423,1,CAM,8,4,24828
veh4,24855,,24.8608,1,CAM,6,4,24855
veh4,24907,,24.9086,1,CAM,16,4,24907
veh4,24898,,24.9171,1,CAM,3,4,24898
veh4,24928,,24.9423,1,CAM,8,4,24928
veh4,24938,,24.9521,1,CAM,11,4,24938
veh4,24973,,24.9761,1,CAM,12,4,24973
veh4,24999,,25.0158,1,CAM,18,4,24999
veh4,25028,,25.0343,1,CAM,8,4,25028
veh4,25036,,25.0468,1,CAM,17,4,25036
veh4,25069,,25.0728,1,CAM,5,4,25069
veh4,25072,,25.0806,1,CAM,13,4,25072
veh4,25085,,25.1028,1,CAM,9,4,25085
veh4,25125,,25.1263,1,CAM,15,4,25125
veh4,25128,,25.1343,1,CAM,8,4,25128
veh4,25151,,25.1528,1,CAM,19,4,25151
veh4,25207,,25.2086,1,CAM,16,4,25207
veh4,25228,,25.2343,1,CAM,8,4,25228
veh4,25299,,25.3146,1,CAM,18,4,25299
veh4,25328,,25.3343,1,CAM,8,4,25328
veh4,25327,,25.3356,1,CAM,10,4,25327
veh4,25355,,25.3751,1,CAM,6,4,25355
veh4,25372,,25.3806,1,CAM,13,4,25372
veh4,25425,,25.4263,1,CAM,15,4,25425
veh4,25428,,25.4343,1,CAM,8,4,25428
veh4,25436,,25.4468,1,CAM,17,4,25436
veh4,25438,,25.4523,1,CAM,11,4,25438
veh4,25469,,25.4728,1,CAM,5,4,25469
veh4,25498,,25.5171,1,CAM,3,4,25498
veh4,25507,,25.5268,1,CAM,16,4,25507
veh4,25578,25.5786,,0,CAM,4,,25578
veh4,25573,,25.5918,1,CAM,12,4,25573
veh4,25599,,25.6146,1,CAM,18,4,25599
veh4,25628,,25.6343,1,CAM,8,4,25628
veh4,25672,,25.6806,1,CAM,13,4,25672
veh4,25685,,25.6948,1,CAM,9,4,25685
veh4,25725,,25.7263,1,CAM,15,4,25725
veh4,25751,,25.7528,1,CAM,19,4,25751
veh4,25807,,25.8268,1,CAM,16,4,25807
veh4,25828,,25.8343,1,CAM,8,4,25828
veh4,25836,,25.8428,1,CAM,17,4,25836
veh4,25855,,25.8616,1,CAM,6,4,25855
veh4,25872,,25.8806,1,CAM,13,4,25872
veh4,25869,,25.8836,1,CAM,5,4,25869
veh4,25899,,25.9146,1,CAM,18,4,25899
veh4,25927,,25.9356,1,CAM,10,4,25927
veh4,25938,,25.9523,1,CAM,11,4,25938
veh4,25972,,25.9806,1,CAM,13,4,25972
veh4,26028,,26.0318,1,CAM,8,4,26028
veh4,26025,,26.0426,1,CAM,15,4,26025
veh4,26072,,26.0806,1,CAM,13,4,26072
veh4,26098,,26.1171,1,CAM,3,4,26098
veh4,26107,,26.1201,1,CAM,16,4,26107
veh4,26173,,26.1796,1,CAM,12,4,26173
veh4,26172,,26.1806,1,CAM,13,4,26172
veh4,26199,,26.2146,1,CAM,18,4,26199
veh4,26228,,26.2318,1,CAM,8,4,26228
veh4,26236,,26.2428,1,CAM,17,4,26236
veh4,26272,,26.2748,1,CAM,13,4,26272
veh4,26269,,26.2836,1,CAM,5,4,26269
veh4,26285,,26.3028,1,CAM,9,4,26285
veh4,26299,,26.3146,1,CAM,18,4,26299
veh4,26325,,26.3426,1,CAM,15,4,26325
veh4,26351,,26.3636,1,CAM,19,4,26351
veh4,26355,,26.3676,1,CAM,6,4,26355
veh4,26372,,26.3748,1,CAM,13,4,26372
veh4,26378,26.3786,,0,CAM,4,,26378
veh4,26399,,26.4146,1,CAM,18,4,26399
veh4,26407,,26.4201,1,CAM,16,4,26407
veh4,26428,,26.4318,1,CAM,8,4,26428
veh4,26438,,26.4503,1,CAM,11,4,26438
veh4,26499,,26.5146,1,CAM,18,4,26499
veh4,26527,,26.5288,1,CAM,10,4,26527
veh4,26599,,26.6078,1,CAM,18,4,26599
veh4,26628,,26.6293,1,CAM,8,4,26628
veh4,26625,,26.6426,1,CAM,15,4,26625
veh4,26636,,26.6561,1,CAM,17,4,26636
veh4,26672,,26.6748,1,CAM,13,4,26672
veh4,26669,,26.6836,1,CAM,5,4,26669
veh4,26698,,26.7013,1,CAM,3,4,26698
veh4,26699,,26.7078,1,CAM,18,4,26699
veh4,26707,,26.7178,1,CAM,16,4,26707
veh4,26773,,26.7893,1,CAM,12,4,26773
veh4,26799,,26.8078,1,CAM,18,4,26799
veh4,26828,,26.8293,1,CAM,8,4,26828
veh4,26855,,26.8606,1,CAM,6,4,26855
veh4,26885,,26.9028,1,CAM,9,4,26885
veh4,26899,,26.9078,1,CAM,18,4,26899
veh4,26925,,26.9426,1,CAM,15,4,26925
veh4,26938,,26.9503,1,CAM,11,4,26938
veh4,26951,,26.9636,1,CAM,19,4,26951
veh4,26972,,26.9748,1,CAM,13,4,26972
veh4,27007,,27.0178,1,CAM,16,4,27007
veh4,27028,,27.0293,1,CAM,8,4,27028
veh4,27036,,27.0561,1,CAM,17,4,27036
veh4,27069,,27.0808,1,CAM,5,4,27069
veh4,27127,,27.1418,1,CAM,10,4,27127
veh4,27178,27.1786,,0,CAM,4,,27178
veh4,27169,,27.1808,1,CAM,5,4,27169
veh4,27199,,27.2078,1,CAM,18,4,27199
veh4,27228,,27.2293,1,CAM,8,4,27228
veh4,27225,,27.2303,1,CAM,15,4,27225
veh4,27272,,27.2748,1,CAM,13,4,27272
veh4,27269,,27.2808,1,CAM,5,4,27269
veh4,27307,,27.3228,1,CAM,16,4,27307
veh4,27328,,27.3293,1,CAM,8,4,27328
veh4,27355,,27.3606,1,CAM,6,4,27355
veh4,27369,,27.3808,1,CAM,5,4,27369
veh4,27373,,27.3893,1,CAM,12,4,27373
veh4,27438,,27.4433,1,CAM,11,4,27438
veh4,27428,,27.4486,1,CAM,8,4,27428
veh4,27436,,27.4561,1,CAM,17,4,27436
veh4,27469,,27.4808,1,CAM,5,4,27469
veh4,27485,,27.5038,1,CAM,9,4,27485
veh4,27499,,27.5196,1,CAM,18,4,27499
veh4,27525,,27.5303,1,CAM,15,4,27525
veh4,27528,,27.5486,1,CAM,8,4,27528
veh4,27551,,27.5658,1,CAM,19,4,27551
veh4,27572,,27.5748,1,CAM,13,4,27572
veh4,27569,,27.5808,1,CAM,5,4,27569
veh4,27607,,27.6228,1,CAM,16,4,27607
veh4,27628,,27.6486,1,CAM,8,4,27628
veh4,27636,,27.6538,1,CAM,17,4,27636
veh4,27669,,27.6808,1,CAM,5,4,27669
veh4,27672,,27.6926,1,CAM,13,4,27672
veh4,27727,,27.7408,1,CAM,10,4,27727
veh4,27728,,27.7486,1,CAM,8,4,27728
veh4,27769,,27.7808,1,CAM,5,4,27769
veh4,27772,,27.7926,1,CAM,13,4,27772
veh4,27799,,27.8196,1,CAM,18,4,27799
veh4,27825,,27.8303,1,CAM,15,4,27825
veh4,27828,,27.8486,1,CAM,8,4,27828
veh4,27836,,27.8538,1,CAM,17,4,27836
veh4,27855,,27.8561,1,CAM,6,4,27855
veh4,27872,,27.8926,1,CAM,13,4,27872
veh4,27898,,27.9106,1,CAM,3,4,27898
veh4,27907,,27.9158,1,CAM,16,4,27907
veh4,27938,,27.9456,1,CAM,11,4,27938
veh4,27928,,27.9486,1,CAM,8,4,27928
veh4,27936,,27.9538,1,CAM,17,4,27936
veh4,27973,,27.9741,1,CAM,12,4,27973
veh4,27978,27.9786,,0,CAM,4,,27978
veh4,27972,,27.9926,1,CAM,13,4,27972
veh4,28036,,28.0538,1,CAM,17,4,28036
veh4,28072,,28.0926,1,CAM,13,4,28072
veh4,28085,,28.1016,1,CAM,9,4,28085
veh4,28099,,28.1196,1,CAM,18,4,28099
veh4,28125,,28.1291,1,CAM,15,4,28125
veh4,28128,,28.1486,1,CAM,8,4,28128
veh4,28136,,28.1538,1,CAM,17,4,28136
veh4,28151,,28.1658,1,CAM,19,4,28151
veh4,28169,,28.1786,1,CAM,5,4,28169
veh4,28172,,28.1926,1,CAM,13,4,28172
veh4,28207,,28.2158,1,CAM,16,4,28207
veh4,28199,,28.2196,1,CAM,18,4,28199
veh4,28236,,28.2538,1,CAM,17,4,28236
veh4,28299,,28.3136,1,CAM,18,4,28299
veh4,28327,,28.3408,1,CAM,10,4,28327
veh4,28328,,28.3486,1,CAM,8,4,28328
veh4,28336,,28.3538,1,CAM,17,4,28336
veh4,28355,,28.3561,1,CAM,6,4,28355
veh4,28399,,28.4136,1,CAM,18,4,28399
veh4,28425,,28.4291,1,CAM,15,4,28425
veh4,28436,,28.4538,1,CAM,17,4,28436
veh4,28438,,28.4551,1,CAM,11,4,28438
veh4,28472,,28.4813,1,CAM,13,4,28472
veh4,28485,,28.5016,1,CAM,9,4,28485
veh4,28498,,28.5106,1,CAM,3,4,28498
veh4,28499,,28.5136,1,CAM,18,4,28499
veh4,28507,,28.5141,1,CAM,16,4,28507
veh4,28528,,28.5486,1,CAM,8,4,28528
veh4,28569,,28.5786,1,CAM,5,4,28569
veh4,28573,,28.5828,1,CAM,12,4,28573
veh4,28599,,28.6136,1,CAM,18,4,28599
veh4,28685,,28.7016,1,CAM,9,4,28685
veh4,28699,,28.7136,1,CAM,18,4,28699
veh4,28725,,28.7291,1,CAM,15,4,28725
veh4,28728,,28.7303,1,CAM,8,4,28728
veh4,28738,,28.7551,1,CAM,11,4,28738
veh4,28751,,28.7658,1,CAM,19,4,28751
veh4,28778,28.7786,,0,CAM,4,,28778
veh4,28772,,28.7813,1,CAM,13,4,28772
veh4,28807,,28.8141,1,CAM,16,4,28807
veh4,28836,,28.8386,1,CAM,17,4,28836
veh4,28855,,28.8711,1,CAM,6,4,28855
veh4,28885,,28.9016,1,CAM,9,4,28885
veh4,28928,,28.9303,1,CAM,8,4,28928
veh4,28927,,28.9366,1,CAM,10,4,28927
veh4,28938,,28.9551,1,CAM,11,4,28938
veh4,28969,,28.9786,1,CAM,5,4,28969
veh4,28999,,29.0146,1,CAM,18,4,28999
veh4,29025,,29.0398,1,CAM,15,4,29025
veh4,29072,,29.0813,1,CAM,13,4,29072
veh4,29085,,29.1016,1,CAM,9,4,29085
veh4,29098,,29.1091,1,CAM,3,4,29098
veh4,29107,,29.1141,1,CAM,16,4,29107
veh4,29138,,29.1551,1,CAM,11,4,29138
veh4,29173,,29.1828,1,CAM,12,4,29173
veh4,29228,,29.2303,1,CAM,8,4,29228
veh4,29236,,29.2386,1,CAM,17,4,29236
veh4,29238,,29.2551,1,CAM,11,4,29238
veh4,29285,,29.2923,1,CAM,9,4,29285
veh4,29299,,29.3146,1,CAM,18,4,29299
veh4,29325,,29.3398,1,CAM,15,4,29325
veh4,29338,,29.3551,1,CAM,11,4,29338
veh4,29351,,29.3626,1,CAM,19,4,29351
veh4,29355,,29.3711,1,CAM,6,4,29355
veh4,29369,,29.3786,1,CAM,5,4,29369
veh4,29372,,29.3813,1,CAM,13,4,29372
veh4,29407,,29.4141,1,CAM,16,4,29407
veh4,29438,,29.4528,1,CAM,11,4,29438
veh4,29485,,29.4923,1,CAM,9,4,29485
veh4,29528,,29.5303,1,CAM,8,4,29528
veh4,29527,,29.5351,1,CAM,10,4,29527
veh4,29538,,29.5528,1,CAM,11,4,29538
veh4,29578,29.5786,,0,CAM,4,,29578
veh4,29599,,29.6146,1,CAM,18,4,29599
veh4,29636,,29.6386,1,CAM,17,4,29636
veh4,29625,,29.6398,1,CAM,15,4,29625
veh4,29672,,29.6813,1,CAM,13,4,29672
veh4,29685,,29.6968,1,CAM,9,4,29685
veh4,29698,,29.7058,1,CAM,3,4,29698
veh4,29707,,29.7141,1,CAM,16,4,29707
veh4,29769,,29.7741,1,CAM,5,4,29769
veh4,29773,,29.7786,1,CAM,12,4,29773
veh4,29772,,29.7813,1,CAM,13,4,29772
veh4,29828,,29.8428,1,CAM,8,4,29828
veh4,29855,,29.8733,1,CAM,6,4,29855
veh4,29872,,29.8876,1,CAM,13,4,29872
veh4,29885,,29.8968,1,CAM,9,4,29885
veh4,29899,,29.9131,1,CAM,18,4,29899
veh4,29925,,29.9398,1,CAM,15,4,29925
veh4,29951,,29.9546,1,CAM,19,4,29951
veh4,29969,,29.9741,1,CAM,5,4,29969
veh4,29972,,29.9876,1,CAM,13,4,29972
veh4,30007,,30.0171,1,CAM,16,4,30007
veh4,30038,,30.0528,1,CAM,11,4,30038
veh4,30069,,30.0741,1,CAM,5,4,30069
veh4,30072,,30.0876,1,CAM,13,4,30072
veh4,30085,,30.0968,1,CAM,9,4,30085
veh4,30127,,30.1351,1,CAM,10,4,30127
veh4,30128,,30.1428,1,CAM,8,4,30128
veh4,30036,,30.1558,1,CAM,17,4,30036
veh4,30169,,30.1741,1,CAM,5,4,30169
veh4,30172,,30.1876,1,CAM,13,4,30172
veh4,30199,,30.2131,1,CAM,18,4,30199
veh4,30225,,30.2398,1,CAM,15,4,30225
veh4,30269,,30.2741,1,CAM,5,4,30269
veh4,30272,,30.2876,1,CAM,13,4,30272
veh4,30285,,30.2968,1,CAM,9,4,30285
veh4,30298,,30.3058,1,CAM,3,4,30298
veh4,30299,,30.3131,1,CAM,18,4,30299
veh4,30307,,30.3171,1,CAM,16,4,30307
veh4,30355,,30.3733,1,CAM,6,4,30355
veh4,30369,,30.3741,1,CAM,5,4,30369
veh4,30378,30.3786,,0,CAM,4,,30378
veh4,30373,,30.3786,1,CAM,12,4,30373
veh4,30399,,30.4131,1,CAM,18,4,30399
veh4,30428,,30.4436,1,CAM,8,4,30428
veh4,30436,,30.4558,1,CAM,17,4,30436
veh4,30469,,30.4741,1,CAM,5,4,30469
veh4,30485,,30.4968,1,CAM,9,4,30485
veh4,30499,,30.5131,1,CAM,18,4,30499
veh4,30525,,30.5363,1,CAM,15,4,30525
veh4,30538,,30.5518,1,CAM,11,4,30538
veh4,30551,,30.5546,1,CAM,19,4,30551
veh4,30569,,30.5741,1,CAM,5,4,30569
veh4,30572,,30.5808,1,CAM,13,4,30572
veh4,30599,,30.6131,1,CAM,18,4,30599
veh4,30607,,30.6171,1,CAM,16,4,30607
veh4,30685,,30.6931,1,CAM,9,4,30685
veh4,30699,,30.7058,1,CAM,18,4,30699
veh4,30727,,30.7373,1,CAM,10,4,30727
veh4,30728,,30.7436,1,CAM,8,4,30728
veh4,30799,,30.8058,1,CAM,18,4,30799
veh4,30825,,30.8451,1,CAM,15,4,30825
veh4,30836,,30.8558,1,CAM,17,4,30836
veh4,30855,,30.8731,1,CAM,6,4,30855
veh4,30872,,30.8808,1,CAM,13,4,30872
veh4,30885,,30.8931,1,CAM,9,4,30885
veh4,30898,,30.9041,1,CAM,3,4,30898
veh4,30899,,30.9058,1,CAM,18,4,30899
veh4,30907,,30.9148,1,CAM,16,4,30907
veh4,30936,,30.9558,1,CAM,17,4,30936
veh4,30955,,30.9731,1,CAM,6,4,30955
veh4,30969,,30.9838,1,CAM,5,4,30969
veh4,31028,,31.0436,1,CAM,8,4,31028
veh4,31038,,31.0518,1,CAM,11,4,31038
veh4,31036,,31.0558,1,CAM,17,4,31036
veh4,31055,,31.0731,1,CAM,6,4,31055
veh4,30973,,31.0783,1,CAM,12,4,30973
veh4,31085,,31.0931,1,CAM,9,4,31085
veh4,31125,,31.1291,1,CAM,15,4,31125
veh4,31151,,31.1546,1,CAM,19,4,31151
veh4,31136,,31.1558,1,CAM,17,4,31136
veh4,31155,,31.1731,1,CAM,6,4,31155
veh4,31178,31.1786,,0,CAM,4,,31178
veh4,31172,,31.1808,1,CAM,13,4,31172
veh4,31199,,31.2058,1,CAM,18,4,31199
veh4,31207,,31.2148,1,CAM,16,4,31207
veh4,31236,,31.2558,1,CAM,17,4,31236
veh4,31255,,31.2731,1,CAM,6,4,31255
veh4,31327,,31.3343,1,CAM,10,4,31327
veh4,31328,,31.3413,1,CAM,8,4,31328
veh4,31336,,31.3458,1,CAM,17,4,31336
veh4,31355,,31.3731,1,CAM,6,4,31355
veh4,31369,,31.3838,1,CAM,5,4,31369
veh4,31425,,31.4291,1,CAM,15,4,31425
veh4,31436,,31.4458,1,CAM,17,4,31436
veh4,31455,,31.4731,1,CAM,6,4,31455
veh4,31472,,31.4808,1,CAM,13,4,31472
veh4,31498,,31.5008,1,CAM,3,4,31498
veh4,31499,,31.5058,1,CAM,18,4,31499
veh4,31507,,31.5148,1,CAM,16,4,31507
veh4,31538,,31.5518,1,CAM,11,4,31538
veh4,31555,,31.5731,1,CAM,6,4,31555
veh4,31573,,31.5861,1,CAM,12,4,31573
veh4,31628,,31.6413,1,CAM,8,4,31628
veh4,31655,,31.6731,1,CAM,6,4,31655
veh4,31685,,31.6881,1,CAM,9,4,31685
veh4,31725,,31.7291,1,CAM,15,4,31725
veh4,31751,,31.7631,1,CAM,19,4,31751
veh4,31755,,31.7731,1,CAM,6,4,31755
veh4,31772,,31.7798,1,CAM,13,4,31772
veh4,31769,,31.7811,1,CAM,5,4,31769
veh4,31799,,31.8058,1,CAM,18,4,31799
veh4,31807,,31.8148,1,CAM,16,4,31807
veh4,31836,,31.8458,1,CAM,17,4,31836
veh4,31927,,31.9381,1,CAM,10,4,31927
veh4,31928,,31.9413,1,CAM,8,4,31928
veh4,31978,31.9786,,0,CAM,4,,31978
veh4,31972,,31.9798,1,CAM,13,4,31972
veh4,32025,,32.0386,1,CAM,15,4,32025
veh4,32038,,32.0486,1,CAM,11,4,32038
veh4,32072,,32.0798,1,CAM,13,4,32072
veh4,32098,,32.1008,1,CAM,3,4,32098
veh4,32099,,32.1053,1,CAM,18,4,32099
veh4,32107,,32.1096,1,CAM,16,4,32107
veh4,32172,,32.1798,1,CAM,13,4,32172
veh4,32169,,32.1811,1,CAM,5,4,32169
veh4,32173,,32.1901,1,CAM,12,4,32173
veh4,32228,,32.2413,1,CAM,8,4,32228
veh4,32236,,32.2478,1,CAM,17,4,32236
veh4,32255,,32.2668,1,CAM,6,4,32255
veh4,32272,,32.2798,1,CAM,13,4,32272
veh4,32285,,32.2881,1,CAM,9,4,32285
veh4,32325,,32.3386,1,CAM,15,4,32325
veh4,32338,,32.3486,1,CAM,11,4,32338
veh4,32351,,32.3631,1,CAM,19,4,32351
veh4,32369,,32.3811,1,CAM,5,4,32369
veh4,32372,,32.3903,1,CAM,13,4,32372
veh4,32399,,32.4053,1,CAM,18,4,32399
veh4,32407,,32.4096,1,CAM,16,4,32407
veh4,32438,,32.4486,1,CAM,11,4,32438
veh4,32469,,32.4811,1,CAM,5,4,32469
veh4,32472,,32.4903,1,CAM,13,4,32472
veh4,32528,,32.5328,1,CAM,8,4,32528
veh4,32527,,32.5411,1,CAM,10,4,32527
veh4,32538,,32.5486,1,CAM,11,4,32538
veh4,32569,,32.5831,1,CAM,5,4,32569
veh4,32572,,32.5903,1,CAM,13,4,32572
veh4,32625,,32.6386,1,CAM,15,4,32625
veh4,32636,,32.6478,1,CAM,17,4,32636
veh4,32638,,32.6486,1,CAM,11,4,32638
veh4,32669,,32.6831,1,CAM,5,4,32669
veh4,32698,,32.7006,1,CAM,3,4,32698
veh4,32699,,32.7053,1,CAM,18,4,32699
veh4,32707,,32.7096,1,CAM,16,4,32707
veh4,32738,,32.7486,1,CAM,11,4,32738
veh4,32755,,32.7668,1,CAM,6,4,32755
veh4,32778,32.7786,,0,CAM,4,,32778
veh4,32769,,32.7831,1,CAM,5,4,32769
veh4,32773,,32.7978,1,CAM,12,4,32773
veh4,32828,,32.8328,1,CAM,8,4,32828
veh4,32825,,32.8423,1,CAM,15,4,32825
veh4,32838,,32.8486,1,CAM,11,4,32838
veh4,32869,,32.8831,1,CAM,5,4,32869
veh4,32885,,32.8863,1,CAM,9,4,32885
veh4,32872,,32.8903,1,CAM,13,4,32872
veh4,32899,,32.9053,1,CAM,18,4,32899
veh4,32925,,32.9386,1,CAM,15,4,32925
veh4,32938,,32.9486,1,CAM,11,4,32938
veh4,32951,,32.9538,1,CAM,19,4,32951
veh4,32969,,32.9831,1,CAM,5,4,32969
veh4,32999,,33.0053,1,CAM,18,4,32999
veh4,33007,,33.0096,1,CAM,16,4,33007
veh4,33025,,33.0386,1,CAM,15,4,33025
veh4,33036,,33.0461,1,CAM,17,4,33036
veh4,33038,,33.0486,1,CAM,11,4,33038
veh4,33069,,33.0831,1,CAM,5,4,33069
veh4,33099,,33.1053,1,CAM,18,4,33099
veh4,33125,,33.1266,1,CAM,15,4,33125
veh4,33128,,33.1328,1,CAM,8,4,33128
veh4,33127,,33.1411,1,CAM,10,4,33127
veh4,33169,,33.1831,1,CAM,5,4,33169
veh4,33172,,33.1903,1,CAM,13,4,33172
veh4,33225,,33.2266,1,CAM,15,4,33225
veh4,33255,,33.2668,1,CAM,6,4,33255
veh4,33298,,33.3006,1,CAM,3,4,33298
veh4,33307,,33.3081,1,CAM,16,4,33307
veh4,33325,,33.3266,1,CAM,15,4,33325
veh4,33373,,33.3843,1,CAM,12,4,33373
veh4,33425,,33.4266,1,CAM,15,4,33425
veh4,33428,,33.4331,1,CAM,8,4,33428
veh4,33436,,33.4438,1,CAM,17,4,33436
veh4,33485,,33.4863,1,CAM,9,4,33485
veh4,33472,,33.4903,1,CAM,13,4,33472
veh4,33525,,33.5266,1,CAM,15,4,33525
veh4,33538,,33.5518,1,CAM,11,4,33538
veh4,33551,,33.5538,1,CAM,19,4,33551
veh4,33578,33.5786,,0,CAM,4,,33578
veh4,33569,,33.5831,1,CAM,5,4,33569
veh4,33607,,33.6081,1,CAM,16,4,33607
veh4,33625,,33.6266,1,CAM,15,4,33625
veh4,33727,,33.7321,1,CAM,10,4,33727
veh4,33728,,33.7331,1,CAM,8,4,33728
veh4,33736,,33.7438,1,CAM,17,4,33736
veh4,33755,,33.7678,1,CAM,6,4,33755
veh4,33772,,33.7903,1,CAM,13,4,33772
veh4,33836,,33.8438,1,CAM,17,4,33836
veh4,33898,,33.9051,1,CAM,3,4,33898
veh4,33907,,33.9081,1,CAM,16,4,33907
veh4,33925,,33.9266,1,CAM,15,4,33925
veh4,33936,,33.9438,1,CAM,17,4,33936
veh4,33969,,33.9776,1,CAM,5,4,33969
veh4,33973,,33.9843,1,CAM,12,4,33973
veh4,34028,,34.0331,1,CAM,8,4,34028
veh4,34036,,34.0423,1,CAM,17,4,34036
veh4,34038,,34.0523,1,CAM,11,4,34038
veh4,34072,,34.0868,1,CAM,13,4,34072
veh4,34085,,34.1018,1,CAM,9,4,34085
veh4,34136,,34.1423,1,CAM,17,4,34136
veh4,34151,,34.1616,1,CAM,19,4,34151
veh4,34207,,34.2121,1,CAM,16,4,34207
veh4,34225,,34.2266,1,CAM,15,4,34225
veh4,34236,,34.2423,1,CAM,17,4,34236
veh4,34255,,34.2633,1,CAM,6,4,34255
veh4,34328,,34.3328,1,CAM,8,4,34328
veh4,34327,,34.3338,1,CAM,10,4,34327
veh4,34336,,34.3423,1,CAM,17,4,34336
veh4,34369,,34.3776,1,CAM,5,4,34369
veh4,34378,34.3786,,0,CAM,4,,34378
veh4,34372,,34.3868,1,CAM,13,4,34372
veh4,34399,,34.4998,1,CAM,18,4,34399
veh4,34498,,34.5051,1,CAM,3,4,34498
veh4,34507,,34.5121,1,CAM,16,4,34507
veh4,34525,,34.5448,1,CAM,15,4,34525
veh4,34538,,34.5523,1,CAM,11,4,34538
veh4,34573,,34.5801,1,CAM,12,4,34573
veh4,34628,,34.6328,1,CAM,8,4,34628
veh4,34672,,34.6906,1,CAM,13,4,34672
veh4,34685,,34.6973,1,CAM,9,4,34685
veh4,34699,,34.6998,1,CAM,18,4,34699
veh4,34736,,34.7396,1,CAM,17,4,34736
veh4,34751,,34.7618,1,CAM,19,4,34751
veh4,34755,,34.7633,1,CAM,6,4,34755
veh4,34769,,34.7776,1,CAM,5,4,34769
veh4,34807,,34.8121,1,CAM,16,4,34807
veh4,34825,,34.8448,1,CAM,15,4,34825
veh4,34928,,34.9328,1,CAM,8,4,34928
veh4,34927,,34.9338,1,CAM,10,4,34927
veh4,34972,,34.9906,1,CAM,13,4,34972
veh4,34999,,34.9998,1,CAM,18,4,34999
veh4,35038,,35.0401,1,CAM,11,4,35038
veh4,35098,,35.1013,1,CAM,3,4,35098
veh4,35107,,35.1121,1,CAM,16,4,35107
veh4,35125,,35.1263,1,CAM,15,4,35125
veh4,35136,,35.1396,1,CAM,17,4,35136
veh4,35155,,35.1633,1,CAM,6,4,35155
veh4,35169,,35.1776,1,CAM,5,4,35169
veh4,35178,35.1786,,0,CAM,4,,35178
veh4,35173,,35.1803,1,CAM,12,4,35173
veh4,35228,,35.2328,1,CAM,8,4,35228
veh4,35255,,35.2633,1,CAM,6,4,35255
veh4,35272,,35.2906,1,CAM,13,4,35272
veh4,35285,,35.2988,1,CAM,9,4,35285
veh4,35299,,35.2998,1,CAM,18,4,35299
veh4,35355,,35.3571,1,CAM,6,4,35355
veh4,35351,,35.3618,1,CAM,19,4,35351
veh4,35425,,35.4263,1,CAM,15,4,35425
veh4,35407,,35.4271,1,CAM,16,4,35407
veh4,35455,,35.4571,1,CAM,6,4,35455
veh4,35469,,35.4716,1,CAM,5,4,35469
veh4,35525,,35.5263,1,CAM,15,4,35525
veh4,35527,,35.5318,1,CAM,10,4,35527
veh4,35536,,35.5396,1,CAM,17,4,35536
veh4,35538,,35.5401,1,CAM,11,4,35538
veh4,35528,,35.5413,1,CAM,8,4,35528
veh4,35555,,35.5571,1,CAM,6,4,35555
veh4,35572,,35.5883,1,CAM,13,4,35572
veh4,35599,,35.5998,1,CAM,18,4,35599
veh4,35638,,35.6401,1,CAM,11,4,35638
veh4,35625,,35.6406,1,CAM,15,4,35625
veh4,35655,,35.6571,1,CAM,6,4,35655
veh4,35669,,35.6716,1,CAM,5,4,35669
veh4,35698,,35.6991,1,CAM,3,4,35698
veh4,35707,,35.7271,1,CAM,16,4,35707
veh4,35738,,35.7401,1,CAM,11,4,35738
veh4,35725,,35.7406,1,CAM,15,4,35725
veh4,35755,,35.7571,1,CAM,6,4,35755
veh4,35773,,35.7783,1,CAM,12,4,35773
veh4,35838,,35.8401,1,CAM,11,4,35838
veh4,35825,,35.8406,1,CAM,15,4,35825
veh4,35828,,35.8413,1,CAM,8,4,35828
veh4,35855,,35.8571,1,CAM,6,4,35855
veh4,35869,,35.8716,1,CAM,5,4,35869
veh4,35872,,35.8883,1,CAM,13,4,35872
veh4,35885,,35.8926,1,CAM,9,4,35885
veh4,35899,,35.9151,1,CAM,18,4,35899
veh4,35925,,35.9406,1,CAM,15,4,35925
veh4,35938,,35.9406,1,CAM,11,4,35938
veh4,35955,,35.9571,1,CAM,6,4,35955
veh4,35951,,35.9618,1,CAM,19,4,35951
veh4,35936,,35.9656,1,CAM,17,4,35936
veh4,35978,35.9786,,0,CAM,4,,35978
veh4,36007,,36.0271,1,CAM,16,4,36007
veh4,36025,,36.0406,1,CAM,15,4,36025
veh4,36038,,36.0406,1,CAM,11,4,36038
veh4,36069,,36.0716,1,CAM,5,4,36069
veh4,36128,,36.1303,1,CAM,8,4,36128
veh4,36127,,36.1313,1,CAM,10,4,36127
veh4,36138,,36.1406,1,CAM,11,4,36138
veh4,36136,,36.1556,1,CAM,17,4,36136
veh4,36172,,36.1848,1,CAM,13,4,36172
veh4,36199,,36.2151,1,CAM,18,4,36199
veh4,36238,,36.2406,1,CAM,11,4,36238
veh4,36236,,36.2556,1,CAM,17,4,36236
veh4,36269,,36.2716,1,CAM,5,4,36269
veh4,36298,,36.3151,1,CAM,3,4,36298
veh4,36307,,36.3251,1,CAM,16,4,36307
veh4,36325,,36.3406,1,CAM,15,4,36325
veh4,36338,,36.3406,1,CAM,11,4,36338
veh4,36336,,36.3656,1,CAM,17,4,36336
veh4,36373,,36.3783,1,CAM,12,4,36373
veh4,36407,,36.4251,1,CAM,16,4,36407
veh4,36428,,36.4303,1,CAM,8,4,36428
veh4,36436,,36.4556,1,CAM,17,4,36436
veh4,36455,,36.4568,1,CAM,6,4,36455
veh4,36472,,36.4848,1,CAM,13,4,36472
veh4,36469,,36.4893,1,CAM,5,4,36469
veh4,36485,,36.4926,1,CAM,9,4,36485
veh4,36499,,36.5151,1,CAM,18,4,36499
veh4,36507,,36.5251,1,CAM,16,4,36507
veh4,36536,,36.5556,1,CAM,17,4,36536
veh4,36551,,36.5568,1,CAM,19,4,36551
veh4,36598,,36.6151,1,CAM,3,4,36598
veh4,36607,,36.6251,1,CAM,16,4,36607
veh4,36625,,36.6406,1,CAM,15,4,36625
veh4,36636,,36.6656,1,CAM,17,4,36636
veh4,36669,,36.6893,1,CAM,5,4,36669
veh4,36707,,36.7251,1,CAM,16,4,36707
veh4,36728,,36.7303,1,CAM,8,4,36728
veh4,36727,,36.7313,1,CAM,10,4,36727
veh4,36736,,36.7556,1,CAM,17,4,36736
veh4,36778,36.7786,,0,CAM,4,,36778
veh4,36772,,36.7848,1,CAM,13,4,36772
veh4,36807,,36.8251,1,CAM,16,4,36807
veh4,36798,,36.8288,1,CAM,3,4,36798
veh4,36838,,36.8391,1,CAM,11,4,36838
veh4,36898,,36.9151,1,CAM,3,4,36898
veh4,36907,,36.9251,1,CAM,16,4,36907
veh4,36925,,36.9406,1,CAM,15,4,36925
veh4,36955,,36.9568,1,CAM,6,4,36955
veh4,36973,,36.9853,1,CAM,12,4,36973
veh4,36998,,37.0151,1,CAM,3,4,36998
veh4,37007,,37.0251,1,CAM,16,4,37007
veh4,37028,,37.0303,1,CAM,8,4,37028
veh4,37072,,37.0848,1,CAM,13,4,37072
veh4,37069,,37.0893,1,CAM,5,4,37069
veh4,37085,,37.1043,1,CAM,9,4,37085
veh4,37099,,37.1151,1,CAM,18,4,37099
veh4,37136,,37.1521,1,CAM,17,4,37136
veh4,37151,,37.1693,1,CAM,19,4,37151
veh4,37225,,37.2378,1,CAM,15,4,37225
veh4,37198,,37.3126,1,CAM,3,4,37198
veh4,37298,,37.3126,1,CAM,3,4,37298
veh4,37307,,37.3156,1,CAM,16,4,37307
veh4,37338,,37.3391,1,CAM,11,4,37338
veh4,37328,,37.3408,1,CAM,8,4,37328
veh4,37327,,37.3438,1,CAM,10,4,37327
veh4,37372,,37.3848,1,CAM,13,4,37372
veh4,37399,,37.4088,1,CAM,18,4,37399
veh4,37398,,37.4126,1,CAM,3,4,37398
veh4,37455,,37.4693,1,CAM,6,4,37455
veh4,37469,,37.4893,1,CAM,5,4,37469
veh4,37498,,37.5126,1,CAM,3,4,37498
veh4,37525,,37.5378,1,CAM,15,4,37525
veh4,37536,,37.5521,1,CAM,17,4,37536
veh4,37573,,37.5753,1,CAM,12,4,37573
veh4,37578,37.5786,,0,CAM,4,,37578
veh4,37607,,37.6156,1,CAM,16,4,37607
veh4,37628,,37.6408,1,CAM,8,4,37628
veh4,37672,,37.6803,1,CAM,13,4,37672
veh4,37685,,37.7061,1,CAM,9,4,37685
veh4,37699,,37.7088,1,CAM,18,4,37699
veh4,37751,,37.7693,1,CAM,19,4,37751
veh4,37825,,37.8378,1,CAM,15,4,37825
veh4,37838,,37.8391,1,CAM,11,4,37838
veh4,37869,,37.8721,1,CAM,5,4,37869
veh4,37907,,37.9156,1,CAM,16,4,37907
veh4,37925,,37.9378,1,CAM,15,4,37925
veh4,37928,,37.9408,1,CAM,8,4,37928
veh4,37927,,37.9438,1,CAM,10,4,37927
veh4,37936,,37.9521,1,CAM,17,4,37936
veh4,37955,,37.9693,1,CAM,6,4,37955
veh4,37972,,37.9803,1,CAM,13,4,37972
veh4,37999,,38.0088,1,CAM,18,4,37999
veh4,38025,,38.0401,1,CAM,15,4,38025
veh4,38098,,38.1126,1,CAM,3,4,38098
veh4,38125,,38.1401,1,CAM,15,4,38125
veh4,38173,,38.1753,1,CAM,12,4,38173
veh4,38207,,38.2156,1,CAM,16,4,38207
veh4,38228,,38.2401,1,CAM,8,4,38228
veh4,38255,,38.2693,1,CAM,6,4,38255
veh4,38269,,38.2721,1,CAM,5,4,38269
veh4,38272,,38.2803,1,CAM,13,4,38272
veh4,38299,,38.3056,1,CAM,18,4,38299
veh4,38285,,38.3061,1,CAM,9,4,38285
veh4,38336,,38.3526,1,CAM,17,4,38336
veh4,38338,,38.3556,1,CAM,11,4,38338
veh4,38351,,38.3583,1,CAM,19,4,38351
veh4,38373,,38.3753,1,CAM,12,4,38373
veh4,38378,38.3786,,0,CAM,4,,38378
veh4,38325,,38.4401,1,CAM,15,4,38325
veh4,38425,,38.4401,1,CAM,15,4,38425
veh4,38438,,38.4556,1,CAM,11,4,38438
veh4,38455,,38.4693,1,CAM,6,4,38455
veh4,38507,,38.5156,1,CAM,16,4,38507
veh4,38528,,38.5401,1,CAM,8,4,38528
veh4,38527,,38.5413,1,CAM,10,4,38527
veh4,38538,,38.5521,1,CAM,11,4,38538
veh4,38573,,38.5843,1,CAM,12,4,38573
veh4,38572,,38.5918,1,CAM,13,4,38572
veh4,38599,,38.6056,1,CAM,18,4,38599
veh4,38607,,38.6168,1,CAM,16,4,38607
veh4,38638,,38.6521,1,CAM,11,4,38638
veh4,38655,,38.6693,1,CAM,6,4,38655
veh4,38669,,38.6803,1,CAM,5,4,38669
veh4,38707,,38.7168,1,CAM,16,4,38707
veh4,38625,,38.7411,1,CAM,15,4,38625
veh4,38738,,38.7521,1,CAM,11,4,38738
veh4,38736,,38.7526,1,CAM,17,4,38736
veh4,38773,,38.7753,1,CAM,12,4,38773
veh4,38698,,38.8141,1,CAM,3,4,38698
veh4,38807,,38.8168,1,CAM,16,4,38807
veh4,38828,,38.8401,1,CAM,8,4,38828
veh4,38825,,38.8411,1,CAM,15,4,38825
veh4,38838,,38.8521,1,CAM,11,4,38838
veh4,38855,,38.8663,1,CAM,6,4,38855
veh4,38873,,38.8753,1,CAM,12,4,38873
veh4,38872,,38.8918,1,CAM,13,4,38872
veh4,38885,,38.9026,1,CAM,9,4,38885
veh4,38899,,38.9056,1,CAM,18,4,38899
veh4,38907,,38.9168,1,CAM,16,4,38907
veh4,38938,,38.9521,1,CAM,11,4,38938
veh4,38951,,38.9583,1,CAM,19,4,38951
veh4,38973,,38.9911,1,CAM,12,4,38973
veh4,39007,,39.0168,1,CAM,16,4,39007
veh4,39025,,39.0411,1,CAM,15,4,39025
veh4,39038,,39.0521,1,CAM,11,4,39038
veh4,39055,,39.0663,1,CAM,6,4,39055
veh4,39069,,39.0803,1,CAM,5,4,39069
veh4,39073,,39.0911,1,CAM,12,4,39073
veh4,39107,,39.1168,1,CAM,16,4,39107
veh4,39127,,39.1351,1,CAM,10,4,39127
veh4,39128,,39.1436,1,CAM,8,4,39128
veh4,39136,,39.1526,1,CAM,17,4,39136
veh4,39172,,39.1743,1,CAM,13,4,39172
veh4,39178,39.1786,,0,CAM,4,,39178
veh4,39173,,39.1911,1,CAM,12,4,39173
veh4,39199,,39.2056,1,CAM,18,4,39199
veh4,39225,,39.2411,1,CAM,15,4,39225
veh4,39255,,39.2663,1,CAM,6,4,39255
veh4,39273,,39.2911,1,CAM,12,4,39273
veh4,39336,,39.3526,1,CAM,17,4,39336
veh4,39373,,39.3911,1,CAM,12,4,39373
veh4,39298,,39.3941,1,CAM,3,4,39298
veh4,39407,,39.4168,1,CAM,16,4,39407
veh4,39425,,39.4411,1,CAM,15,4,39425
veh4,39428,,39.4436,1,CAM,8,4,39428
veh4,39455,,39.4663,1,CAM,6,4,39455
veh4,39472,,39.4743,1,CAM,13,4,39472
veh4,39469,,39.4803,1,CAM,5,4,39469
veh4,39485,,39.4971,1,CAM,9,4,39485
veh4,39499,,39.5056,1,CAM,18,4,39499
veh4,39538,,39.5521,1,CAM,11,4,39538
veh4,39536,,39.5523,1,CAM,17,4,39536
veh4,39551,,39.5696,1,CAM,19,4,39551
veh4,39625,,39.6411,1,CAM,15,4,39625
veh4,39636,,39.6523,1,CAM,17,4,39636
veh4,39707,,39.7103,1,CAM,16,4,39707
veh4,39727,,39.7351,1,CAM,10,4,39727
veh4,39728,,39.7436,1,CAM,8,4,39728
veh4,39736,,39.7523,1,CAM,17,4,39736
veh4,39772,,39.7866,1,CAM,13,4,39772
veh4,39799,,39.8071,1,CAM,18,4,39799
veh4,39825,,39.8501,1,CAM,15,4,39825
veh4,39836,,39.8523,1,CAM,17,4,39836
veh4,39869,,39.8821,1,CAM,5,4,39869
