messageId,camId,timestamp,latitude,longitude,heading,speed,acceleration
2,2,2396,45.0522,7.65515,90,24,0
2,5,2407,45.0527,7.65435,191.2,8.79,3.9
2,4,2419,45.0526,7.65438,170.5,8.83,3.9
2,9,2450,45.0531,7.65473,246.5,5.92,4
2,8,2531,45.053,7.65462,236.9,9.31,3.9
2,3,2533,45.0524,7.65439,170.5,9.31,3.9
2,9,2550,45.0531,7.65472,236.9,6.32,4
2,10,2579,45.053,7.65821,123.1,15.99,-0.5
2,2,2596,45.0522,7.65521,90,24,0
2,5,2607,45.0527,7.65435,190.1,9.59,3.9
2,11,2598,45.0531,7.6581,123,9.02,-7
2,4,2619,45.0525,7.65439,170.5,9.63,3.9
2,3,2633,45.0524,7.6544,164.2,9.71,3.9
2,9,2650,45.0531,7.65472,236.9,6.72,4
2,5,2707,45.0527,7.65435,186.1,9.99,3.9
2,11,2698,45.0531,7.65811,123,8.32,-7
2,8,2731,45.053,7.6546,236.9,10.11,3.9
2,3,2733,45.0524,7.65441,154.8,10.11,3.9
2,9,2750,45.0531,7.65471,236.9,7.12,4
2,6,2752,45.0528,7.65438,191.2,10.19,3.9
2,10,2779,45.053,7.65824,123.1,15.99,0
2,2,2796,45.0522,7.65527,90,24,0
2,5,2807,45.0527,7.65435,181.8,10.39,3.9
2,11,2798,45.0531,7.65812,123,7.99,0
2,4,2819,45.0525,7.65439,170.5,10.43,3.9
2,3,2833,45.0524,7.65442,144.6,10.51,3.9
2,9,2850,45.0531,7.6547,236.9,7.52,4
2,7,2742,45.0529,7.65445,236.9,10.15,3.9
2,5,2907,45.0527,7.65436,177.3,10.79,3.9
2,11,2898,45.0531,7.65813,123,7.99,0
2,8,2931,45.053,7.65458,236.9,10.91,3.9
2,3,2933,45.0524,7.65443,134.1,10.91,3.9
2,7,2942,45.0529,7.65443,236.9,10.95,3.9
2,6,2952,45.0528,7.65438,191.2,10.99,3.9
2,2,2996,45.0522,7.65533,90,24,0
2,5,3007,45.0527,7.65436,172.8,11.19,3.9
2,11,2998,45.053,7.65814,123,7.99,-0.2
2,4,3019,45.0525,7.6544,170.5,11.23,3.9
2,3,3033,45.0524,7.65444,124.1,11.31,3.9
2,9,3050,45.0531,7.65468,236.9,8.31,3.9
2,10,3079,45.053,7.65829,123.1,15.99,-0.1
2,5,3107,45.0526,7.65436,170.5,11.59,3.9
2,11,3098,45.053,7.65815,123,7.99,0
2,8,3131,45.053,7.65455,236.9,11.71,3.9
2,3,3133,45.0524,7.65446,123.6,11.71,3.9
2,7,3142,45.0529,7.65441,232.2,11.75,3.9
2,6,3152,45.0528,7.65437,191.2,11.79,3.9
2,2,3196,45.0522,7.65539,90,24,0
2,5,3207,45.0526,7.65437,170.5,11.99,3.9
2,4,3219,45.0525,7.6544,170.5,12.03,3.9
2,3,3233,45.0524,7.65447,123.6,12.11,3.9
2,7,3242,45.0529,7.65441,221.2,12.15,3.9
2,9,3250,45.053,7.65467,236.9,9.11,3.9
2,10,3279,45.0529,7.65831,130.1,15.99,0.1
2,5,3307,45.0526,7.65437,170.5,12.39,3.9
2,3,3333,45.0524,7.65448,123.6,12.51,3.9
2,8,3331,45.053,7.65453,236.9,12.51,3.9
2,7,3342,45.0529,7.6544,209.3,12.55,3.9
2,6,3352,45.0528,7.65437,191.2,12.59,3.9
2,10,3379,45.0529,7.65832,145.1,15.99,0.1
2,2,3396,45.0522,7.65545,90,24,0
2,5,3407,45.0526,7.65437,170.5,12.79,3.9
2,4,3419,45.0525,7.65441,170.5,12.83,3.9
2,7,3442,45.0529,7.6544,197.5,12.95,3.9
2,9,3450,45.053,7.65465,236.9,9.91,3.9
2,10,3479,45.0529,7.65832,160.2,15.99,0.1
2,3,3533,45.0523,7.65451,123.6,13.31,3.9
2,8,3531,45.053,7.6545,236.9,13.31,3.9
2,7,3542,45.0529,7.6544,191.2,13.35,3.9
2,6,3552,45.0527,7.65436,191.2,13.39,3.9
2,10,3579,45.0529,7.65833,168.6,15.99,0
2,2,3596,45.0522,7.65551,90,24,0
2,5,3607,45.0526,7.65438,170.5,13.59,3.9
2,4,3619,45.0524,7.65441,170.5,13.63,3.9
2,7,3642,45.0529,7.65439,191.2,13.75,3.9
2,9,3650,45.053,7.65462,236.9,10.71,3.9
2,10,3679,45.0529,7.65833,168.6,15.99,0.3
2,11,3698,45.053,7.6582,123,7.99,0
2,3,3733,45.0523,7.65454,123.6,14.11,3.9
2,8,3731,45.053,7.65447,236.9,14.11,3.9
2,7,3742,45.0529,7.65439,191.2,14.15,3.9
2,6,3752,45.0527,7.65435,191.2,14.19,3.9
2,10,3779,45.0529,7.65833,168.6,15.99,0.1
2,2,3796,45.0522,7.65557,90,24,0
2,5,3807,45.0526,7.65438,170.5,14.39,3.9
2,4,3819,45.0524,7.65442,170.5,14.43,3.9
2,7,3842,45.0528,7.65439,191.2,14.55,3.9
2,9,3850,45.053,7.6546,236.9,11.51,3.9
2,10,3879,45.0529,7.65834,168.6,15.99,0
2,4,3919,45.0524,7.65443,163,14.83,3.9
2,3,3933,45.0523,7.65457,123.6,14.91,3.9
2,8,3931,45.0529,7.65444,236.9,14.91,3.9
2,6,3952,45.0527,7.65435,187.5,14.99,3.9
2,2,3996,45.0522,7.65563,90,24,0
2,5,4007,45.0525,7.65439,170.5,15,0
2,4,4019,45.0524,7.65445,148.5,15,0
2,7,4042,45.0528,7.65438,191.2,15.35,3.9
2,6,4052,45.0527,7.65436,181.3,15,0
2,9,4050,45.053,7.65458,236.9,12.31,3.9
2,4,4119,45.0524,7.65446,133.9,15,0
2,8,4131,45.0529,7.65441,236,15,0
2,3,4133,45.0523,7.65461,123.6,15.71,3.9
2,6,4152,45.0527,7.65436,175,15,0
2,10,4179,45.0528,7.65835,168.6,15.99,0
2,2,4196,45.0522,7.65569,90,24,0
2,5,4207,45.0525,7.6544,170.5,15,0
2,4,4219,45.0524,7.65448,123.6,15,0
2,8,4231,45.0529,7.65441,222.6,15,0
2,7,4242,45.0528,7.65437,191.2,15.61,0
2,6,4252,45.0526,7.65436,170.5,15,0
2,9,4250,45.053,7.65455,236.9,13.11,3.9
2,11,4298,45.053,7.65824,123,7.99,0
2,4,4319,45.0524,7.65449,123.6,15,0
2,8,4331,45.0529,7.6544,208.2,15,0
2,3,4333,45.0523,7.65464,123.6,16.51,3.9
2,6,4352,45.0526,7.65437,170.5,15,0
2,2,4396,45.0522,7.65575,90,24,0
2,5,4407,45.0525,7.6544,170.5,15,0
2,4,4419,45.0524,7.65451,123.6,15,0
2,8,4431,45.0529,7.6544,194.5,15,0
2,7,4442,45.0528,7.65437,191.2,15.6,0
2,6,4452,45.0526,7.65437,170.5,15,0
2,9,4450,45.053,7.65452,236.9,13.91,3.9
2,10,4479,45.0528,7.65836,168.6,15.99,-0.1
2,4,4519,45.0524,7.65453,123.6,15,0
2,8,4531,45.0529,7.6544,191.2,15,0
2,3,4533,45.0523,7.65468,123.6,17.31,3.9
2,6,4552,45.0526,7.65437,170.5,15,0
2,2,4596,45.0522,7.65581,90,24,0
2,5,4607,45.0525,7.65441,170.5,15,0
2,8,4631,45.0529,7.65439,191.2,15,0
2,7,4642,45.0527,7.65436,191.2,15.59,0
2,9,4650,45.053,7.65449,236.9,14.71,3.9
2,8,4731,45.0528,7.65439,191.2,15,0
2,3,4733,45.0522,7.65472,123.6,17.94,0.4
2,10,4779,45.0527,7.65837,168.6,15.99,0
2,2,4796,45.0522,7.65587,90,24,0
2,4,4819,45.0523,7.65457,123.6,15,0
2,8,4831,45.0528,7.65439,191.2,15,0
2,7,4842,45.0527,7.65435,191.2,15.58,0
2,9,4850,45.053,7.65446,236.9,15.51,3.9
2,6,4852,45.0526,7.65438,170.5,15,0
2,10,4879,45.0527,7.65837,173.1,15.99,0.4
2,11,4898,45.053,7.65829,123,7.99,-0.1
2,5,4907,45.0524,7.65442,170.5,15,0
2,8,4931,45.0528,7.65438,191.2,15,0
2,3,4933,45.0522,7.65476,123.6,18.04,0.4
2,10,4979,45.0527,7.65837,179.8,15.99,-0.1
2,2,4996,45.0522,7.65593,90,24,0
2,5,5007,45.0524,7.65443,159.8,15,0
2,7,5042,45.0527,7.65435,183.5,15.57,0
2,9,5050,45.0529,7.65443,236.9,15.57,0
2,3,5033,45.0522,7.65486,112.3,18.08,0.4
2,10,5079,45.0527,7.65837,186.5,15.99,-0.1
2,5,5107,45.0524,7.65445,145.1,15,0
2,4,5119,45.0523,7.65462,123.6,15,0
2,7,5142,45.0527,7.65436,177,15.57,0
2,3,5133,45.0522,7.65488,106.8,18.13,0.4
2,6,5152,45.0525,7.65439,170.5,15,0
2,10,5179,45.0527,7.65836,189.4,15.99,0.2
2,2,5196,45.0522,7.65599,90,24,0
2,5,5207,45.0524,7.65447,130.6,15,0
2,8,5231,45.0528,7.65437,191.2,15,0
2,7,5242,45.0526,7.65436,170.6,15.56,0
2,9,5250,45.0529,7.65441,222.4,15.56,0
2,3,5233,45.0522,7.6549,101.1,18.17,0.4
2,10,5279,45.0527,7.65836,189.4,15.99,0.1
2,5,5307,45.0524,7.65448,123.6,15,0
2,7,5342,45.0526,7.65436,170.5,15.56,0
2,9,5350,45.0529,7.6544,207.5,15.56,0
2,3,5333,45.0522,7.65493,90,18.21,0.4
2,10,5379,45.0527,7.65836,189.4,15.99,0
2,2,5396,45.0522,7.65605,90,24,0
2,5,5407,45.0524,7.6545,123.6,15,0
2,7,5442,45.0526,7.65437,170.5,15.55,0
2,3,5433,45.0522,7.65495,90,18.26,0.4
2,9,5450,45.0529,7.6544,193.4,15.55,0
2,6,5452,45.0525,7.6544,170.5,15,0
2,11,5498,45.053,7.65834,123,7.99,0.2
2,5,5507,45.0524,7.65451,123.6,15,0
2,3,5533,45.0522,7.65497,90,18.3,0.4
2,8,5531,45.0527,7.65436,191.2,15,0
2,7,5542,45.0526,7.65437,170.5,15.55,0
2,9,5550,45.0529,7.6544,191.2,15.55,0
2,2,5596,45.0522,7.65611,90,24,0
2,5,5607,45.0524,7.65453,123.6,15,0
2,3,5633,45.0522,7.65499,90,18.34,0.4
2,9,5650,45.0529,7.65439,191.2,15.54,0
2,10,5679,45.0526,7.65835,189.4,15.99,0.3
2,11,5698,45.0529,7.65835,133.3,8.22,2.9
2,3,5733,45.0522,7.65502,90,18.39,0.4
2,9,5750,45.0528,7.65439,191.2,15.54,0
2,6,5752,45.0524,7.65441,170.5,15,0
2,2,5796,45.0522,7.65617,90,24,0
2,11,5798,45.0529,7.65835,141.1,8.48,2.5
2,8,5831,45.0527,7.65435,191.2,15,0
2,7,5842,45.0526,7.65438,170.5,15.53,0
2,9,5850,45.0528,7.65439,191.2,15.53,0
2,11,5898,45.0529,7.65835,149.4,8.75,2.9
2,5,5907,45.0523,7.65458,123.6,15,0
2,9,5950,45.0528,7.65438,191.2,15.53,0
2,10,5979,45.0526,7.65834,189.4,15.99,0
2,2,5996,45.0522,7.65623,90,24,0
2,11,5998,45.0529,7.65836,157.8,9.02,2.8
2,3,6033,45.0522,7.65509,90,18.51,0.4
2,8,6031,45.0527,7.65435,182.5,15,0
2,9,6050,45.0528,7.65438,191.2,15.52,0
2,6,6052,45.0524,7.65443,162.1,15,0
2,11,6098,45.0529,7.65836,166,9.29,2.8
2,4,6019,45.0523,7.65477,123.6,15,0
2,8,6131,45.0527,7.65436,176.2,15.31,3.9
2,7,6142,45.0525,7.65439,170.5,15.52,0
2,6,6152,45.0524,7.65445,147.6,15,0
2,2,6196,45.0522,7.65629,90,24,0
2,11,6198,45.0529,7.65836,168.6,9.56,2.5
2,4,6219,45.0522,7.65485,114.6,15,0
2,5,6207,45.0523,7.65463,123.6,15,0
2,8,6231,45.0526,7.65436,170.5,15.71,3.9
2,9,6250,45.0528,7.65437,191.2,16.24,3.7
2,6,6252,45.0524,7.65446,132.9,15,0
2,10,6279,45.0526,7.65833,189.4,15.99,0
2,11,6298,45.0529,7.65836,168.6,9.83,2.5
2,4,6319,45.0522,7.65487,109.3,15,0
2,3,6333,45.0522,7.65516,90,18.63,0.3
2,8,6331,45.0526,7.65437,170.5,16.04,0
2,6,6352,45.0524,7.65448,123.6,15,0
2,2,6396,45.0522,7.65635,90,24,0
2,11,6398,45.0529,7.65837,168.6,10.1,2.5
2,4,6419,45.0522,7.65489,103.8,15,0
2,8,6431,45.0526,7.65437,170.5,16.03,0
2,7,6442,45.0525,7.6544,170.5,15.5,0
2,9,6450,45.0527,7.65436,191.2,16.49,-0.1
2,6,6452,45.0524,7.6545,123.6,15,0
2,4,6519,45.0522,7.65491,98.4,15,0
2,5,6507,45.0523,7.65467,123.6,15,0
2,8,6531,45.0526,7.65437,170.5,16.02,0
2,6,6552,45.0524,7.65451,123.6,15,0
2,10,6579,45.0525,7.65833,189.4,15.99,-0.2
2,2,6596,45.0522,7.65641,90,24,0
2,11,6598,45.0529,7.65837,168.6,10.64,2.9
2,4,6619,45.0522,7.65493,90,15,0
2,3,6633,45.0522,7.65523,90,18.75,0.3
2,6,6652,45.0524,7.65453,123.6,15,0
2,9,6650,45.0527,7.65436,191.2,16.46,-0.1
2,4,6719,45.0522,7.65495,90,15,0
2,7,6742,45.0524,7.65441,170.5,15.49,0
2,6,6752,45.0524,7.65454,123.6,15,0
2,10,6779,45.0525,7.65831,195.7,15.99,0.4
2,11,6798,45.0529,7.65838,168.6,11.2,2.9
2,2,6796,45.0522,7.65647,90,24,0
2,4,6819,45.0522,7.65496,90,15,0
2,5,6807,45.0523,7.65472,123.6,15,0
2,8,6831,45.0526,7.65438,170.5,16,0
2,9,6850,45.0527,7.65435,188.7,16.44,-0.1
2,10,6879,45.0525,7.6583,211,15.99,0.3
2,4,6919,45.0522,7.65498,90,15,0
2,3,6933,45.0522,7.6553,90,18.86,0.3
2,9,6950,45.0527,7.65435,181.9,16.43,-0.1
2,10,6979,45.0525,7.65829,226.6,15.99,0.4
2,11,6998,45.0528,7.65838,168.6,11.74,2.8
2,2,6996,45.0522,7.65653,90,24,0
2,7,7042,45.0524,7.65444,157.2,15.48,0
2,9,7050,45.0527,7.65436,175,16.42,-0.1
2,6,7052,45.0523,7.65459,123.6,15,0
2,10,7079,45.0525,7.65827,236.3,15.99,-0.1
2,5,7107,45.0523,7.65477,123.6,15,0
2,8,7131,45.0525,7.65439,170.5,15.97,0
2,7,7142,45.0524,7.65445,141.9,15.47,0
2,9,7150,45.0526,7.65436,170.5,16.41,-0.1
2,10,7179,45.0525,7.65825,236.3,15.99,-0.2
2,11,7198,45.0528,7.65839,168.6,12.27,2.4
2,2,7196,45.0522,7.65659,90,24,0
2,4,7219,45.0522,7.65504,90,15,0
2,7,7242,45.0524,7.65447,127.4,15.47,0
2,3,7233,45.0522,7.65537,90,18.97,0.3
2,9,7250,45.0526,7.65437,170.5,16.39,-0.1
2,10,7279,45.0525,7.65824,236.3,15.99,0.3
2,5,7307,45.0522,7.65486,113.4,15,0
2,7,7342,45.0524,7.65449,123.6,15.47,0
2,9,7350,45.0526,7.65437,170.5,16.38,-0.1
2,6,7352,45.0523,7.65464,123.6,15,0
2,10,7379,45.0524,7.65822,236.3,15.99,0.1
2,2,7396,45.0522,7.65665,90,24,0
2,11,7398,45.0528,7.65839,168.6,12.82,2.8
2,5,7407,45.0522,7.65487,108,15,0
2,8,7431,45.0525,7.65441,170.5,15.95,0
2,7,7442,45.0524,7.6545,123.6,15.46,0
2,9,7450,45.0526,7.65437,170.5,16.37,-0.1
2,5,7507,45.0522,7.65489,102.6,15,0
2,4,7519,45.0522,7.6551,90,15,0
2,7,7542,45.0524,7.65452,123.6,15.46,0
2,3,7533,45.0522,7.65544,90,19.08,0.3
2,2,7596,45.0522,7.65671,90,24,0
2,11,7598,45.0528,7.6584,168.6,13.37,2.9
2,5,7607,45.0522,7.65491,90,15,0
2,6,7652,45.0523,7.65469,123.6,15,0
2,10,7679,45.0524,7.65818,236.3,15.99,0
2,5,7707,45.0522,7.65493,90,15,0
2,8,7731,45.0524,7.65442,170.5,15.92,0
2,9,7750,45.0526,7.65438,170.5,16.34,-0.1
2,2,7796,45.0522,7.65677,90,24,0
2,11,7798,45.0528,7.65841,168.6,13.93,2.7
2,5,7807,45.0522,7.65495,90,15,0
2,4,7819,45.0522,7.65515,90,15,0
2,3,7833,45.0522,7.65551,90,19.18,0.3
2,7,7842,45.0523,7.65457,123.6,15.45,0
2,5,7907,45.0522,7.65497,90,15,0
2,8,7931,45.0524,7.65443,162.8,15.91,0
2,6,7952,45.0523,7.65473,123.6,15,0
2,10,7979,45.0524,7.65813,236.3,15.99,0.2
2,2,7996,45.0522,7.65683,90,24,0
2,11,7998,45.0527,7.65841,174.1,14.44,2.4
2,8,8031,45.0524,7.65445,147.4,15.9,0
2,9,8050,45.0525,7.6544,170.5,16.31,-0.1
2,11,8098,45.0527,7.65841,180.2,14.71,2.5
2,4,8119,45.0522,7.65521,90,15,0
2,8,8131,45.0524,7.65446,132,15.89,0
2,3,8133,45.0522,7.65558,90,19.29,0.3
2,7,8142,45.0523,7.65462,123.6,15.43,0
2,2,8196,45.0522,7.65689,90,24,0
2,11,8198,45.0527,7.6584,186.4,14.99,2.7
2,5,8207,45.0522,7.65502,90,15,0
2,8,8231,45.0524,7.65448,123.6,15.88,0
2,6,8252,45.0523,7.65478,123.6,15,0
2,10,8279,45.0524,7.65809,236.3,15.99,0.5
2,11,8298,45.0527,7.6584,189.4,15.27,2.9
2,8,8331,45.0524,7.6545,123.6,15.88,0
2,9,8350,45.0525,7.65441,170.5,16.27,-0.1
2,6,8352,45.0522,7.65485,114.3,15,0
2,11,8398,45.0527,7.6584,189.4,15.54,2.7
2,2,8396,45.0522,7.65695,90,24,0
2,4,8419,45.0522,7.65526,90,15,0
2,8,8431,45.0524,7.65452,123.6,15.87,0
2,3,8433,45.0522,7.65566,90,19.39,0.3
2,6,8452,45.0522,7.65487,108.9,15,0
2,7,8442,45.0523,7.65467,123.6,15.42,0
2,11,8498,45.0527,7.6584,189.4,15.82,2.9
2,5,8507,45.0522,7.65508,90,15,0
2,8,8531,45.0524,7.65453,123.6,15.86,0
2,6,8552,45.0522,7.65489,103.5,15,0
2,10,8579,45.0524,7.65804,236.3,15.99,0.1
2,2,8596,45.0522,7.65701,90,24,0
2,9,8650,45.0524,7.65442,170.5,16.24,-0.1
2,6,8652,45.0522,7.65491,98.1,15,0
2,4,8719,45.0522,7.65532,90,15,0
2,3,8733,45.0522,7.65573,90,19.48,0.3
2,6,8752,45.0522,7.65493,90,15.04,3.9
2,11,8798,45.0526,7.65839,189.4,15.99,0
2,2,8796,45.0522,7.65707,90,24,0
2,5,8807,45.0522,7.65514,90,15,0
2,8,8831,45.0523,7.65458,123.6,16.09,3.5
2,7,8742,45.0523,7.65472,123.6,15.41,0
2,9,8850,45.0524,7.65444,153.6,16.5,3.3
2,6,8852,45.0522,7.65495,90,15.43,3.9
2,10,8879,45.0523,7.658,236.3,15.99,-0.3
2,9,8950,45.0524,7.65446,137.1,16.76,-0.1
2,6,8952,45.0522,7.65497,90,15.62,0
2,2,8996,45.0522,7.65714,90,24,0
2,4,9019,45.0522,7.65538,90,15,0
2,3,9033,45.0522,7.6558,90,19.58,0.3
2,9,9050,45.0524,7.65448,123.6,16.74,-0.1
2,6,9052,45.0522,7.65499,90,15.61,0
2,7,8942,45.0523,7.65475,123.6,16,0
2,10,9079,45.0523,7.65795,248.5,15.99,0.3
2,11,9098,45.0526,7.65838,189.4,15.99,-0.3
2,5,9107,45.0522,7.65519,90,15,0
2,8,9131,45.0523,7.65464,123.6,16.38,-0.1
2,9,9150,45.0524,7.65449,123.6,16.73,-0.1
2,7,9142,45.0523,7.65478,123.6,15.98,0
2,10,9179,45.0523,7.65793,257.8,15.99,0.3
2,2,9196,45.0522,7.6572,90,24,0
2,9,9250,45.0524,7.65451,123.6,16.72,-0.1
2,7,9242,45.0522,7.65486,113.5,15.97,0
2,10,9279,45.0523,7.65791,266.4,15.99,0
2,4,9319,45.0522,7.65543,90,15,0
2,3,9333,45.0522,7.65588,90,19.67,0.3
2,7,9342,45.0522,7.65488,107.7,15.97,0
2,9,9350,45.0524,7.65453,123.6,16.7,-0.1
2,6,9352,45.0522,7.65504,90,15.6,0
2,10,9379,45.0523,7.65789,270,15.99,0.1
2,2,9396,45.0522,7.65726,90,24,0
2,11,9398,45.0525,7.65837,189.4,15.99,0.2
2,5,9407,45.0522,7.65525,90,15,0
2,8,9431,45.0523,7.65469,123.6,16.35,-0.1
2,7,9442,45.0522,7.6549,101.9,15.96,0
2,10,9479,45.0523,7.65787,270,15.99,-0.3
2,7,9542,45.0522,7.65492,90,15.95,0
2,10,9579,45.0523,7.65785,270,15.99,-0.1
2,2,9596,45.0522,7.65732,90,24,0
2,4,9619,45.0522,7.65549,90,15,0
2,3,9633,45.0522,7.65595,90,19.76,0.2
2,7,9642,45.0522,7.65494,90,15.94,0
2,9,9650,45.0523,7.65458,123.6,16.66,-0.1
2,6,9652,45.0522,7.6551,90,15.58,0
2,11,9698,45.0525,7.65836,189.4,15.99,0
2,5,9707,45.0522,7.65531,90,15,0
2,8,9731,45.0523,7.65474,123.6,16.31,-0.1
2,7,9742,45.0522,7.65496,90,15.93,0
2,2,9796,45.0522,7.65738,90,24,0
2,7,9842,45.0522,7.65498,90,15.93,0
2,10,9879,45.0523,7.65779,270,15.99,-0.1
2,4,9919,45.0522,7.65555,90,15,0
2,3,9933,45.0522,7.65602,90,19.85,0.2
2,9,9950,45.0523,7.65464,123.6,16.62,-0.1
2,6,9952,45.0522,7.65516,90,15.57,0
2,2,9996,45.0522,7.65744,90,24,0
2,11,9998,45.0525,7.65834,205.6,15.99,0.2
2,5,10007,45.0522,7.65536,90,15,0
2,8,10031,45.0522,7.65479,123.6,16.28,-0.1
2,11,10098,45.0525,7.65832,221.3,15.99,0
2,8,10131,45.0522,7.65486,110.9,16.27,-0.1
2,7,10142,45.0522,7.65504,90,15.9,0
2,10,10179,45.0523,7.65773,270,15.99,-0.2
2,2,10196,45.0522,7.6575,90,24,0
2,11,10198,45.0525,7.65831,235.9,15.99,0
2,8,10231,45.0522,7.65489,105,16.26,-0.1
2,3,10233,45.0522,7.6561,90,19.93,0.2
2,4,10219,45.0522,7.6556,90,15,0
2,6,10252,45.0522,7.65522,90,15.55,0
2,9,10250,45.0523,7.65469,123.6,16.58,-0.1
2,11,10298,45.0524,7.65829,236.3,15.99,-0.4
2,5,10307,45.0522,7.65542,90,15,0
2,8,10331,45.0522,7.65491,99.1,16.25,-0.1
2,2,10396,45.0522,7.65756,90,24,0
2,11,10398,45.0524,7.65828,236.3,15.99,-0.1
2,8,10431,45.0522,7.65493,90,16.24,-0.1
2,7,10442,45.0522,7.65509,90,15.88,0
2,10,10479,45.0523,7.65767,270,15.99,0.2
2,11,10498,45.0524,7.65826,236.3,15.99,0.1
2,3,10533,45.0522,7.65617,90,20.01,0.2
2,4,10519,45.0522,7.65566,90,15,0
2,8,10531,45.0522,7.65495,90,16.23,-0.1
2,6,10552,45.0522,7.65528,90,15.54,0
2,9,10550,45.0523,7.65474,123.6,16.55,-0.1
2,2,10596,45.0522,7.65762,90,24,0
2,5,10607,45.0522,7.65548,90,15,0
2,8,10631,45.0522,7.65497,90,16.22,-0.1
2,3,10733,45.0522,7.65622,90,20.07,0.2
2,8,10731,45.0522,7.65499,90,16.21,-0.1
2,7,10742,45.0522,7.65515,90,15.86,0
2,10,10779,45.0523,7.65761,270,15.99,0.2
2,2,10796,45.0522,7.65768,90,24,0
2,11,10798,45.0524,7.65821,236.3,15.99,-0.3
2,4,10819,45.0522,7.65571,90,15,0
2,9,10850,45.0522,7.65485,115.5,16.51,-0.1
2,6,10852,45.0522,7.65534,90,15.52,0
2,5,10907,45.0522,7.65553,90,15,0
2,3,10933,45.0522,7.65627,90,20.12,0.2
2,9,10950,45.0522,7.65487,109.6,16.5,-0.1
2,2,10996,45.0522,7.65774,90,24,0
2,8,11031,45.0522,7.65505,90,16.18,0
2,9,11050,45.0522,7.65489,103.6,16.49,-0.1
2,7,11042,45.0522,7.65521,90,15.84,0
2,10,11079,45.0523,7.65755,270,15.99,0.1
2,11,11098,45.0524,7.65817,236.3,15.99,-0.3
2,4,11119,45.0522,7.65577,90,15,0
2,3,11133,45.0522,7.65633,90,20.17,0.2
2,9,11150,45.0522,7.65491,90,16.47,-0.1
2,6,11152,45.0522,7.65539,90,15.51,0
2,2,11196,45.0522,7.6578,90,24,0
2,5,11207,45.0522,7.65559,90,15,0
2,9,11250,45.0522,7.65493,90,16.46,-0.1
2,8,11331,45.0522,7.65511,90,16.15,0
2,3,11333,45.0522,7.65638,90,20.23,0.2
2,9,11350,45.0522,7.65495,90,16.45,-0.1
2,7,11342,45.0522,7.65527,90,15.81,0
2,10,11379,45.0523,7.65749,270,15.99,0.1
2,11,11398,45.0524,7.65812,236.3,15.99,0.3
2,2,11396,45.0522,7.65786,90,24,0
2,4,11419,45.0522,7.65583,90,15,0
2,9,11450,45.0522,7.65497,90,16.44,-0.1
2,6,11452,45.0522,7.65545,90,15.5,0
2,5,11507,45.0522,7.65564,90,15,0
2,3,11533,45.0522,7.65643,90,20.28,0.2
2,2,11596,45.0522,7.65792,90,24,0
2,8,11631,45.0522,7.65517,90,16.12,0
2,7,11642,45.0522,7.65533,90,15.79,0
2,10,11679,45.0523,7.65743,270,15.99,-0.2
2,11,11698,45.0523,7.65807,236.3,15.99,0.2
2,4,11719,45.0522,7.65588,90,15,0
2,3,11733,45.0522,7.65648,90,20.33,0.2
2,9,11750,45.0522,7.65503,90,16.4,-0.1
2,6,11752,45.0522,7.65551,90,15.48,0
2,2,11796,45.0523,7.65805,81.8,24,0
2,5,11807,45.0522,7.6557,90,15,0
2,2,11896,45.0523,7.65808,75.2,24,0
2,8,11931,45.0522,7.65523,90,16.09,0
2,3,11933,45.0522,7.65653,90,20.38,0.2
2,7,11942,45.0522,7.65539,90,15.77,0
2,10,11979,45.0523,7.65737,270,15.99,0
2,11,11998,45.0523,7.65802,236.3,15.99,0
2,2,11996,45.0523,7.6581,68.7,24,0
2,4,12019,45.0522,7.65594,90,15,0
2,6,12052,45.0522,7.65557,90,15.47,0
2,9,12050,45.0522,7.6551,90,16.37,-0.1
2,2,12096,45.0523,7.65813,56.3,23.29,-7
2,5,12107,45.0522,7.65576,90,15,0
2,11,12198,45.0523,7.65796,248.9,15.99,0.4
2,2,12196,45.0523,7.65815,56.3,22.59,-7
2,8,12231,45.0522,7.65529,90,16.07,0
2,3,12233,45.0522,7.65662,90,30,0
2,7,12242,45.0522,7.65545,90,15.75,0
2,10,12279,45.0523,7.65731,270,15.99,0
2,11,12298,45.0523,7.65794,256,15.99,0.1
2,2,12296,45.0523,7.65818,56.3,21.71,-8.9
2,4,12319,45.0522,7.656,90,15,0
2,6,12352,45.0522,7.65563,90,15.46,0
2,9,12350,45.0522,7.65516,90,16.34,-0.1
2,2,12396,45.0523,7.6582,56.3,20.81,-8.9
2,11,12398,45.0523,7.65792,262.9,15.99,0
2,5,12407,45.0522,7.65581,90,15,0
2,3,12433,45.0522,7.65669,90,30,0
2,2,12496,45.0523,7.65822,56.3,19.91,-8.9
2,11,12498,45.0523,7.6579,270,15.99,-0.1
2,8,12531,45.0522,7.65535,90,16.04,0
2,7,12542,45.0522,7.65551,90,15.73,0
2,10,12579,45.0523,7.65725,270,16.34,2.5
2,2,12596,45.0524,7.65824,56.3,19.02,-8.9
2,11,12598,45.0523,7.65788,270,15.99,0
2,4,12619,45.0522,7.65605,90,15,0
2,3,12633,45.0522,7.65677,90,30,0
2,6,12652,45.0522,7.65569,90,15.44,0
2,9,12650,45.0522,7.65522,90,16.31,-0.1
2,2,12696,45.0524,7.65826,56.3,18.12,-8.9
2,11,12698,45.0523,7.65786,270,15.99,0
2,5,12707,45.0522,7.65587,90,15,0
2,10,12779,45.0523,7.65721,270,16.87,2.5
2,2,12796,45.0524,7.65828,56.3,17.22,-8.9
2,11,12798,45.0523,7.65784,270,15.99,0.1
2,8,12831,45.0522,7.65541,90,16.01,0
2,3,12833,45.0522,7.65684,90,30,0
2,7,12842,45.0522,7.65557,90,15.72,0
2,2,12896,45.0524,7.6583,56.3,16.32,-8.9
2,4,12919,45.0523,7.65611,90,15,0
2,6,12952,45.0522,7.65574,90,15.43,0
2,9,12950,45.0522,7.65528,90,16.27,-0.1
2,10,12979,45.0523,7.65717,270,17.42,2.9
2,2,12996,45.0524,7.65832,56.3,15.42,-8.9
2,5,13007,45.0522,7.65593,90,15,0
2,3,13033,45.0522,7.65692,90,30,0
2,2,13096,45.0524,7.65833,56.3,14.52,-8.9
2,11,13098,45.0523,7.65778,270,15.99,0.4
2,8,13131,45.0522,7.65547,90,15.99,0
2,7,13142,45.0522,7.65563,90,15.7,0
2,10,13179,45.0523,7.65713,270,16.59,-7
2,2,13196,45.0524,7.65835,56.3,13.62,-8.9
2,4,13219,45.0523,7.65617,90,15,0
2,3,13233,45.0523,7.65699,90,30,0
2,6,13252,45.0522,7.6558,90,15.42,0
2,9,13250,45.0522,7.65534,90,16.24,-0.1
2,10,13279,45.0523,7.65711,270,15.89,-7
2,2,13296,45.0524,7.65836,56.3,12.72,-8.9
2,5,13307,45.0522,7.65598,90,15,0
2,10,13379,45.0523,7.65709,270,15.19,-7
2,2,13396,45.0524,7.65838,56.3,11.82,-8.9
2,11,13398,45.0523,7.65772,270,15.99,0
2,8,13431,45.0522,7.65553,90,15.96,0
2,3,13433,45.0523,7.65707,90,30,0
2,7,13442,45.0522,7.65569,90,15.68,0
2,10,13479,45.0523,7.65707,270,14.49,-7
2,2,13496,45.0524,7.65839,56.3,10.92,-8.9
2,4,13519,45.0523,7.65622,90,15,0
2,6,13552,45.0522,7.65586,90,15.41,0
2,9,13550,45.0522,7.6554,90,16.21,0
2,2,13596,45.0524,7.6584,56.3,10.02,-8.9
2,10,13579,45.0523,7.65705,270,13.79,-7
2,5,13607,45.0522,7.65604,90,15,0
2,3,13633,45.0523,7.65714,90,30,0
2,2,13696,45.0524,7.65841,56.3,9.12,-8.9
2,10,13679,45.0523,7.65703,270,13.09,-7
2,11,13698,45.0523,7.65766,270,15.43,-7
2,8,13731,45.0522,7.65559,90,15.94,0
2,7,13742,45.0522,7.65575,90,15.66,0
2,2,13796,45.0524,7.65842,56.3,8.22,-8.9
2,10,13779,45.0523,7.65702,270,12.39,-7
2,11,13798,45.0523,7.65764,270,14.73,-7
2,4,13819,45.0523,7.65628,90,15,0
2,3,13833,45.0523,7.65722,90,30,0
2,6,13852,45.0522,7.65592,90,15.7,3.7
2,9,13850,45.0522,7.65546,90,16.35,3.3
2,2,13896,45.0524,7.65843,55,7.32,-8.9
2,10,13879,45.0523,7.657,270,11.69,-7
2,5,13907,45.0523,7.65609,90,15.55,3.9
2,11,13898,45.0523,7.65762,270,14.03,-7
2,7,13942,45.0522,7.65579,90,16.23,2.3
2,2,13996,45.0525,7.65843,50.4,6.42,-8.9
2,10,13979,45.0523,7.65699,270,10.99,-7
2,11,13998,45.0523,7.6576,270,13.33,-7
2,8,14031,45.0522,7.65565,90,16.47,-0.1
2,3,14033,45.0523,7.65729,90,30,0
2,2,14096,45.0525,7.65843,46.2,5.52,-8.9
2,10,14079,45.0523,7.65698,270,10.29,-7
2,11,14098,45.0523,7.65759,270,12.63,-7
2,4,14119,45.0523,7.65633,90,15,0
2,7,14142,45.0522,7.65583,90,16.21,0
2,6,14152,45.0522,7.65598,90,15.98,0
2,9,14150,45.0522,7.65552,90,16.68,-0.1
2,2,14196,45.0525,7.65843,42.5,4.62,-8.9
2,10,14179,45.0523,7.65696,270,9.59,-7
2,5,14207,45.0523,7.65615,90,15.61,0
2,11,14198,45.0523,7.65757,270,11.93,-7
2,3,14233,45.0523,7.65737,90,30,0
2,2,14296,45.0525,7.65843,39.5,3.72,-8.9
2,10,14279,45.0523,7.65695,270,8.89,-7
2,11,14298,45.0523,7.65756,270,11.23,-7
2,8,14331,45.0522,7.65571,90,16.43,-0.1
2,7,14342,45.0522,7.65587,90,16.19,0
2,10,14379,45.0523,7.65694,270,8.19,-7
2,2,14396,45.0525,7.65843,37,2.82,-8.9
2,11,14398,45.0523,7.65754,270,10.53,-7
2,4,14419,45.0523,7.65639,90,15,0
2,3,14433,45.0523,7.65744,90,30,0
2,6,14452,45.0522,7.65604,90,15.95,0
2,10,14479,45.0523,7.65693,270,7.99,0.2
2,2,14496,45.0525,7.65843,35.2,1.92,-9
2,11,14498,45.0523,7.65753,270,9.83,-7
2,5,14507,45.0523,7.65621,90,15.59,0
2,7,14542,45.0522,7.65591,90,16.17,0
2,2,14596,45.0525,7.65843,34.2,1.02,-9
2,11,14598,45.0523,7.65752,270,9.13,-7
2,8,14631,45.0522,7.65577,90,16.4,-0.1
2,3,14633,45.0523,7.65752,90,30,0
2,10,14579,45.0523,7.65692,270,7.99,-0.2
2,10,14679,45.0523,7.65691,270,7.99,0
2,2,14696,45.0525,7.65843,33.8,0.12,-9
2,11,14698,45.0523,7.65751,270,8.43,-7
2,4,14719,45.0523,7.65645,90,15,0
2,6,14752,45.0523,7.6561,90,15.93,0
2,10,14779,45.0523,7.6569,270,7.99,0.3
2,2,14796,45.0525,7.65843,33.7,0,0
2,11,14798,45.0523,7.6575,270,7.99,0
2,5,14807,45.0523,7.65627,90,15.57,0
2,7,14842,45.0522,7.65597,90,16.14,0
2,3,14833,45.0523,7.65759,90,30,0
2,9,14750,45.0522,7.65565,90,16.61,-0.1
2,2,14896,45.0525,7.65843,33.7,0,0
2,11,14898,45.0523,7.65749,270,7.99,-0.3
2,8,14931,45.0522,7.65584,90,16.37,-0.1
2,2,14996,45.0525,7.65843,33.7,0,0
2,11,14998,45.0523,7.65748,270,7.99,-0.1
2,4,15019,45.0523,7.6565,90,15,0
2,3,15033,45.0523,7.65767,90,30,0
2,6,15052,45.0523,7.65616,90,15.9,0
2,9,15050,45.0522,7.65571,90,16.57,-0.1
2,2,15096,45.0525,7.65843,33.7,0,0
2,5,15107,45.0523,7.65633,90,15.56,0
2,11,15098,45.0523,7.65747,270,7.99,-0.1
2,7,15142,45.0522,7.65603,90,16.11,0
2,11,15198,45.0523,7.65746,270,7.99,0
2,8,15231,45.0522,7.6559,90,16.33,-0.1
2,3,15233,45.0523,7.65774,90,30,0
2,4,15319,45.0523,7.65656,90,15,0
2,6,15352,45.0523,7.65622,90,15.88,0
2,9,15350,45.0522,7.65577,90,16.53,-0.1
2,10,15379,45.0523,7.65684,270,7.99,-0.4
2,5,15407,45.0523,7.65639,90,15.54,0
2,3,15433,45.0523,7.65782,90,30,0
2,7,15442,45.0523,7.65609,90,16.08,0
2,8,15531,45.0522,7.65596,90,16.3,-0.1
2,4,15619,45.0523,7.65662,90,15,0
2,3,15633,45.0523,7.65789,90,30,0
2,6,15652,45.0523,7.65628,90,15.86,0
2,9,15650,45.0522,7.65584,90,16.5,-0.1
2,5,15707,45.0523,7.65645,90,15.53,0
2,7,15742,45.0523,7.65615,90,16.06,0
2,11,15798,45.0523,7.6574,270,7.99,-0.2
2,8,15831,45.0522,7.65602,90,16.27,-0.1
2,3,15833,45.0523,7.65797,90,30,0
2,4,15919,45.0523,7.65667,90,15,0
2,3,15933,45.0523,7.65805,73.2,30,0
2,6,15952,45.0523,7.65634,90,15.84,0
2,9,15950,45.0522,7.6559,90,16.46,-0.1
2,10,15979,45.0523,7.65678,270,7.99,0
2,5,16007,45.0523,7.6565,90,15.52,0
2,3,16033,45.0523,7.65808,56.3,30,0
2,7,16042,45.0523,7.65621,90,16.03,0
2,2,16096,45.0525,7.65843,33.7,0,0
2,8,16131,45.0523,7.65608,90,16.24,-0.1
2,3,16133,45.0523,7.65812,56.3,30,0
2,4,16219,45.0523,7.65673,90,15,0
2,3,16233,45.0523,7.65815,56.3,30,0
2,6,16252,45.0523,7.65639,90,15.82,0
2,9,16250,45.0522,7.65596,90,16.43,-0.1
2,5,16307,45.0523,7.65656,90,15.5,0
2,3,16333,45.0524,7.65818,56.3,30,0
2,7,16342,45.0523,7.65627,90,16.01,0
2,11,16398,45.0523,7.65734,270,7.99,0
2,8,16431,45.0523,7.65614,90,16.14,-1.5
2,3,16533,45.0524,7.65824,56.3,30,0
2,6,16552,45.0523,7.65645,90,15.5,-1.6
2,9,16550,45.0522,7.65602,90,16.17,-1.5
2,10,16579,45.0523,7.65672,270,7.99,-0.3
2,5,16607,45.0523,7.65662,90,15.05,-1.8
2,7,16642,45.0523,7.65633,90,15.58,-1.5
2,8,16731,45.0523,7.6562,90,15.74,0
2,3,16733,45.0524,7.6583,56.3,30,0
2,6,16852,45.0523,7.65651,90,15.31,0
2,9,16850,45.0523,7.65608,90,15.94,0
2,5,16907,45.0523,7.65668,90,15,0
2,4,16819,45.0523,7.65684,90,15,0
2,3,16933,45.0524,7.65837,56.3,30,0
2,7,16942,45.0523,7.65639,90,15.51,0
2,11,16998,45.0523,7.65728,270,7.99,0.1
2,8,17031,45.0523,7.65626,90,15.72,0
2,2,17096,45.0525,7.65843,33.7,0,0
2,4,17119,45.0523,7.6569,90,15,0
2,3,17133,45.0525,7.6584,23.7,30,0
2,6,17152,45.0523,7.65657,90,15.3,0
2,9,17150,45.0523,7.65614,90,15.91,0
2,10,17179,45.0523,7.65666,270,7.99,0.3
2,11,17198,45.0523,7.65726,270,7.31,-4.7
2,5,17207,45.0523,7.65673,90,15,0
2,3,17233,45.0525,7.6584,9.4,30,0
2,7,17242,45.0523,7.65645,90,15.49,0
2,8,17331,45.0523,7.65632,90,15.7,0
2,3,17333,45.0525,7.65841,9.4,30,0
2,11,17398,45.0523,7.65724,270,7.1,0.9
2,4,17419,45.0523,7.65695,90,15,0
2,3,17433,45.0526,7.65842,9.4,30,0
2,6,17452,45.0523,7.65663,90,15.29,0
2,9,17450,45.0523,7.6562,90,15.89,0
2,5,17507,45.0523,7.65679,90,15,0
2,3,17533,45.0526,7.65842,9.4,30,0
2,7,17542,45.0523,7.6565,90,15.48,0
2,11,17598,45.0523,7.65722,270,7.17,0.6
2,8,17631,45.0523,7.65638,90,15.69,0
2,4,17719,45.0523,7.65701,90,15,0
2,3,17733,45.0527,7.65843,9.4,30,0
2,6,17752,45.0523,7.65668,90,15.28,0
2,9,17750,45.0523,7.65626,90,15.87,0
2,10,17779,45.0523,7.6566,270,7.99,-0.4
2,11,17798,45.0523,7.6572,270,7.23,0.7
2,5,17807,45.0523,7.65685,90,15,0
2,7,17842,45.0523,7.65656,90,15.47,0
2,8,17931,45.0523,7.65644,90,15.67,0
2,3,17933,45.0527,7.65844,9.4,30,0
2,4,18019,45.0523,7.65707,90,15,0
2,9,18050,45.0523,7.65632,90,15.85,0
2,6,18052,45.0523,7.65674,90,15.28,0
2,2,18096,45.0525,7.65843,33.7,0,0
2,5,18107,45.0523,7.6569,90,15,0
2,3,18133,45.0528,7.65845,1.2,30,0
2,7,18142,45.0523,7.65662,90,15.46,0
2,8,18231,45.0523,7.6565,90,15.65,0
2,3,18233,45.0528,7.65844,348.7,30,0
2,4,18319,45.0523,7.65712,90,15,0
2,3,18333,45.0528,7.65843,348.7,30,0
2,9,18350,45.0523,7.65638,90,15.83,0
2,6,18352,45.0523,7.6568,90,15.27,0
2,10,18379,45.0523,7.65654,270,7.99,0.1
2,11,18398,45.0523,7.65715,270,7.4,0.2
2,5,18407,45.0523,7.65696,90,15,0
2,3,18433,45.0528,7.65842,348.7,30,0
2,7,18442,45.0523,7.65668,90,15.44,0
2,8,18531,45.0523,7.65655,90,15.63,0
2,3,18533,45.0529,7.65841,348.7,30,0
2,4,18619,45.0523,7.65718,90,15,0
2,9,18650,45.0523,7.65644,90,15.81,0
2,6,18652,45.0523,7.65686,90,15.26,0
2,5,18707,45.0523,7.65701,90,15,0
2,3,18733,45.0529,7.6584,348.7,30,0
2,7,18742,45.0523,7.65674,90,15.43,0
2,8,18831,45.0523,7.65661,90,15.62,0
2,4,18919,45.0523,7.65723,90,15,0
2,3,18933,45.053,7.65838,348.7,30,0
2,9,18950,45.0523,7.6565,90,15.79,0
2,6,18952,45.0523,7.65691,90,15.25,0
2,10,18979,45.0523,7.65648,270,7.99,0
2,11,18998,45.0523,7.65709,270,7.53,0.3
2,5,19007,45.0523,7.65707,90,15,0
2,3,19033,45.053,7.65835,326.1,30,0
2,7,19042,45.0523,7.65679,90,15.42,0
2,2,19096,45.0525,7.65843,33.7,0,0
2,8,19131,45.0523,7.65667,90,15.6,0
2,3,19133,45.053,7.65832,303,30,0
2,4,19219,45.0523,7.65729,90,15,0
2,3,19233,45.053,7.65829,303,30,0
2,6,19252,45.0523,7.65697,90,15.25,0
2,9,19250,45.0523,7.65656,90,15.77,0
2,5,19307,45.0523,7.65713,90,15,0
2,3,19333,45.053,7.65826,303,30,0
2,7,19342,45.0523,7.65685,90,15.41,0
2,8,19431,45.0523,7.65673,90,15.77,3.5
2,3,19433,45.053,7.65822,303,30,0
2,4,19519,45.0523,7.65735,90,15,0
2,6,19552,45.0523,7.65703,90,15.72,0
2,9,19550,45.0523,7.65662,90,16.18,0
2,10,19579,45.0523,7.65642,270,8.26,2.4
2,11,19598,45.0523,7.65704,270,7.62,-0.1
2,5,19607,45.0523,7.65718,90,15.49,0
2,3,19633,45.0531,7.65816,303,30,0
2,7,19642,45.0523,7.65691,90,15.86,0
2,8,19731,45.0523,7.65679,90,16.01,0
2,10,19779,45.0523,7.6564,270,8.79,2.5
2,4,19819,45.0523,7.6574,90,15,0
2,3,19833,45.0531,7.6581,303,30,0
2,6,19852,45.0523,7.65709,90,15.7,0
2,9,19850,45.0523,7.65668,90,16.15,0
2,5,19907,45.0523,7.65724,90,15.47,0
2,7,19942,45.0523,7.65697,90,15.84,0
2,10,19979,45.0523,7.65638,270,9.32,2.8
2,11,19998,45.0523,7.657,270,8.23,2.5
2,8,20031,45.0523,7.65685,90,15.99,0
2,3,20033,45.0531,7.65803,303,30,0
2,2,20096,45.0525,7.65843,33.7,0,0
2,4,20119,45.0523,7.65746,90,15,0
2,3,20133,45.0532,7.65795,293,30,0
2,6,20152,45.0523,7.65715,90,15.75,3.6
2,9,20150,45.0523,7.65674,90,16.13,0
2,10,20179,45.0523,7.65635,270,9.86,2.5
2,11,20198,45.0523,7.65697,270,8.77,2.4
2,5,20207,45.0523,7.6573,90,15.76,3.7
2,3,20233,45.0531,7.65791,282.3,30,0
2,7,20242,45.0523,7.65703,90,16.17,3.5
2,4,20319,45.0523,7.6575,90,15.79,3.9
2,8,20331,45.0523,7.65691,90,16.59,3.4
2,3,20333,45.0531,7.65787,270,30,0
2,6,20352,45.0523,7.65719,90,16.48,3.6
2,9,20350,45.0523,7.65678,90,16.75,3.3
2,10,20379,45.0523,7.65633,270,10.4,2.5
2,11,20398,45.0523,7.65695,270,9.32,2.8
2,5,20407,45.0523,7.65734,90,16.52,3.7
2,3,20433,45.0531,7.65783,270,30,0
2,7,20442,45.0523,7.65707,90,16.88,3.5
2,4,20519,45.0523,7.65754,90,16.59,3.9
2,8,20531,45.0523,7.65695,90,17.28,3.4
2,3,20533,45.0531,7.6578,270,30,0
2,6,20552,45.0523,7.65723,90,17.21,3.6
2,9,20550,45.0523,7.65682,90,17.42,3.3
2,10,20579,45.0523,7.6563,270,10.94,2.7
2,11,20598,45.0523,7.65693,270,9.86,2.6
2,5,20607,45.0523,7.65738,90,17.28,3.8
2,3,20633,45.0531,7.65776,270,30,0
2,7,20642,45.0523,7.65711,90,17.6,3.6
2,4,20719,45.0523,7.65758,90,17.39,3.9
2,8,20731,45.0523,7.657,90,17.98,3.5
2,6,20752,45.0523,7.65727,90,17.95,3.7
2,9,20750,45.0523,7.65687,90,18.1,3.4
2,10,20779,45.0523,7.65627,270,11.47,2.5
2,11,20798,45.0523,7.6569,270,10.4,2.9
2,5,20807,45.0523,7.65743,90,18.04,3.8
2,3,20833,45.0531,7.65768,270,30,0
2,7,20842,45.0523,7.65716,90,18.32,3.6
2,4,20919,45.0523,7.65763,90,18.19,3.9
2,8,20931,45.0523,7.65704,90,18.69,3.5
2,6,20952,45.0523,7.65732,90,18.7,3.7
2,9,20950,45.0523,7.65691,90,18.8,3.4
2,10,20979,45.0523,7.65624,270,12.01,2.6
2,11,20998,45.0523,7.65688,270,10.94,2.9
2,5,21007,45.0523,7.65747,90,18.81,3.8
2,3,21033,45.0531,7.65761,270,30,0
2,7,21042,45.0523,7.65721,90,19.05,3.6
2,2,21096,45.0525,7.65843,33.7,0,0
2,4,21119,45.0523,7.65767,90,18.99,3.9
2,8,21131,45.0523,7.65709,90,19.41,3.6
2,6,21152,45.0523,7.65737,90,19.45,3.7
2,9,21150,45.0523,7.65696,90,19.5,3.5
2,10,21179,45.0523,7.65621,270,12.56,2.7
2,11,21198,45.0523,7.65685,270,11.49,2.9
2,5,21207,45.0523,7.65752,90,19.58,3.8
2,3,21233,45.0531,7.65753,270,30,0
2,7,21242,45.0523,7.65725,90,19.79,3.6
2,4,21319,45.0523,7.65772,90,19.79,3.9
2,8,21331,45.0523,7.65714,90,20.13,3.6
2,6,21352,45.0523,7.65742,90,20.21,3.7
2,9,21350,45.0523,7.65701,90,20.21,3.5
2,10,21379,45.0523,7.65618,270,13.09,2.6
2,11,21398,45.0523,7.65682,270,12.02,2.5
2,5,21407,45.0523,7.65757,90,20.36,3.8
2,3,21433,45.0531,7.65746,270,30,0
2,7,21442,45.0523,7.65731,90,20.53,3.7
2,4,21519,45.0523,7.65777,90,20.59,3.9
2,8,21531,45.0523,7.65719,90,20.86,3.6
2,6,21552,45.0523,7.65747,90,20.96,3.8
2,9,21550,45.0523,7.65706,90,20.93,3.6
2,10,21579,45.0523,7.65615,270,13.63,2.4
2,11,21598,45.0523,7.65679,270,12.56,2.7
2,5,21607,45.0523,7.65762,90,21.13,3.8
2,7,21642,45.0523,7.65736,90,21.28,3.7
2,3,21633,45.0531,7.65738,270,30,0
2,4,21719,45.0523,7.65782,90,21.39,3.9
2,8,21731,45.0523,7.65725,90,21.6,3.6
2,6,21752,45.0523,7.65752,90,21.73,3.8
2,9,21750,45.0523,7.65712,90,21.65,3.6
2,10,21779,45.0523,7.65611,270,14.16,2.7
2,11,21798,45.0523,7.65676,270,13.1,2.4
2,5,21807,45.0523,7.65768,90,21.91,3.8
2,7,21842,45.0523,7.65741,90,22.03,3.7
2,3,21833,45.0531,7.65731,270,30,0
2,4,21919,45.0523,7.65788,90,22.19,3.9
2,8,21931,45.0523,7.6573,90,22.34,3.7
2,6,21952,45.0523,7.65758,90,22.49,3.8
2,9,21950,45.0523,7.65717,90,22.38,3.6
2,10,21979,45.0523,7.65608,270,14.7,2.7
2,11,21998,45.0523,7.65672,270,13.64,2.7
2,5,22007,45.0523,7.65773,90,22.69,3.9
2,7,22042,45.0523,7.65747,90,22.79,3.7
2,3,22033,45.0531,7.65723,270,30,0
2,2,22096,45.0525,7.65843,33.7,0,0
2,4,22119,45.0523,7.65794,90,22.99,3.9
2,8,22131,45.0523,7.65736,90,23.09,3.7
2,9,22150,45.0523,7.65723,90,23.12,3.6
2,6,22152,45.0523,7.65763,90,23.26,3.8
2,10,22179,45.0523,7.65604,270,15.24,2.5
2,11,22198,45.0523,7.65669,270,14.17,2.8
2,5,22207,45.0523,7.65779,90,23.47,3.9
2,7,22242,45.0523,7.65753,90,23.54,3.8
2,3,22233,45.0531,7.65716,270,30,0
2,4,22319,45.0523,7.65804,76.5,23.79,3.9
2,8,22331,45.0523,7.65742,90,23.83,3.7
2,9,22350,45.0523,7.65729,90,23.86,3.7
2,6,22352,45.0523,7.65769,90,24.03,3.8
2,10,22379,45.0523,7.656,270,15.78,2.6
2,11,22398,45.0523,7.65665,270,14.7,2.4
2,5,22407,45.0523,7.65785,90,24.25,3.9
2,4,22419,45.0523,7.65807,67.8,24.19,3.9
2,7,22442,45.0523,7.65759,90,24.31,3.8
2,3,22433,45.0531,7.65708,270,30,0
2,4,22519,45.0523,7.65809,56.3,24.59,3.9
2,8,22531,45.0523,7.65748,90,24.59,3.7
2,9,22550,45.0523,7.65735,90,24.6,3.7
2,6,22552,45.0523,7.65775,90,24.8,3.8
2,10,22579,45.0523,7.65596,270,15.99,0.3
2,11,22598,45.0523,7.65661,270,15.24,2.9
2,5,22607,45.0523,7.65791,90,25.04,3.9
2,4,22619,45.0523,7.65812,56.3,24.99,3.9
2,7,22642,45.0523,7.65765,90,25.07,3.8
2,3,22633,45.0531,7.65701,270,30,0
2,4,22719,45.0523,7.65815,56.3,25.39,3.9
2,8,22731,45.0523,7.65754,90,25.34,3.7
2,9,22750,45.0523,7.65741,90,25.35,3.7
2,6,22752,45.0523,7.65782,90,25.58,3.8
2,10,22779,45.0523,7.65592,270,15.99,0
2,11,22798,45.0523,7.65657,270,15.78,2.5
2,5,22807,45.0523,7.65803,81.7,25.82,3.9
2,4,22819,45.0524,7.65817,56.3,25.79,3.9
2,7,22842,45.0523,7.65771,90,25.84,3.8
2,3,22833,45.0531,7.65693,270,30,0
2,5,22907,45.0523,7.65806,72.3,26.21,3.9
2,8,22931,45.0523,7.6576,90,26.1,3.8
2,9,22950,45.0523,7.65747,90,26.1,3.7
2,6,22952,45.0523,7.65788,90,26.35,3.8
2,10,22979,45.0523,7.65588,270,15.99,0.5
2,11,22998,45.0523,7.65653,270,15.99,0
2,5,23007,45.0523,7.65808,56.3,26.61,3.9
2,4,23019,45.0524,7.65823,56.3,26.59,3.9
2,7,23042,45.0523,7.65778,90,26.61,3.8
2,3,23033,45.0531,7.65686,270,30,0
2,2,23096,45.0525,7.65843,33.7,0,0
2,5,23107,45.0523,7.65811,56.3,27,3.9
2,8,23131,45.0523,7.65767,90,26.87,3.8
2,9,23150,45.0523,7.65754,90,26.8,-1.5
2,6,23152,45.0523,7.65795,90,26.91,-1.6
2,11,23198,45.0523,7.65649,270,15.99,0
2,5,23207,45.0523,7.65814,56.3,26.82,-1.8
2,4,23219,45.0524,7.65828,56.3,27.34,-1.8
2,7,23242,45.0523,7.65784,90,26.72,-1.6
2,3,23233,45.0531,7.65678,270,30,0
2,6,23252,45.0523,7.65803,79.9,26.74,-1.6
2,10,23279,45.0523,7.65582,270,15.99,0
2,5,23307,45.0524,7.65817,56.3,26.64,-1.8
2,8,23331,45.0523,7.65774,90,26.55,-1.6
2,9,23350,45.0523,7.65761,90,26.48,-1.5
2,6,23352,45.0523,7.65806,70.2,26.58,-1.6
2,11,23398,45.0523,7.65645,270,15.99,-0.4
2,4,23419,45.0524,7.65834,56.3,26.98,-1.8
2,7,23442,45.0523,7.65791,90,26.4,-1.6
2,3,23433,45.0531,7.65671,270,30,0
2,6,23452,45.0523,7.65809,56.3,26.42,-1.6
2,5,23507,45.0524,7.65822,56.3,26.28,-1.8
2,8,23531,45.0523,7.6578,90,26.22,-1.6
2,9,23550,45.0523,7.65767,90,26.17,-1.5
2,6,23552,45.0523,7.65812,56.3,26.25,-1.6
2,10,23579,45.0523,7.65576,270,15.99,0
2,11,23598,45.0523,7.65641,270,15.99,-0.1
2,4,23619,45.0525,7.65839,53,26.62,-1.8
2,7,23642,45.0523,7.65803,81.7,26.07,-1.6
2,3,23633,45.0531,7.65663,270,30,0
2,6,23652,45.0523,7.65814,56.3,26.09,-1.6
2,5,23707,45.0524,7.65828,56.3,25.92,-1.8
2,4,23719,45.0525,7.6584,27.6,26.44,-1.8
2,7,23742,45.0523,7.65806,72.3,25.91,-1.6
2,8,23731,45.0523,7.65787,90,25.9,-1.6
2,9,23750,45.0523,7.65774,90,25.85,-1.5
2,6,23752,45.0524,7.65817,56.3,25.92,-1.6
2,4,23819,45.0525,7.6584,9.4,26.26,-1.8
2,3,23833,45.0531,7.65656,270,30,0
2,7,23842,45.0523,7.65808,56.3,25.75,-1.6
2,10,23879,45.0523,7.6557,270,15.99,0.3
2,11,23898,45.0523,7.65635,270,15.99,0
2,5,23907,45.0524,7.65833,56.3,25.56,-1.8
2,4,23919,45.0525,7.65841,9.4,26.08,-1.8
2,8,23931,45.0523,7.65793,90,25.58,-1.6
2,9,23950,45.0523,7.6578,90,25.53,-1.5
2,7,23942,45.0523,7.65811,56.3,25.58,-1.6
2,6,23952,45.0524,7.65822,56.3,25.59,-1.6
2,4,24019,45.0526,7.65841,9.4,25.9,-1.8
2,3,24033,45.0531,7.65648,270,30,0
2,7,24042,45.0523,7.65814,56.3,25.42,-1.6
2,2,24096,45.0525,7.65843,33.7,0,0
2,5,24107,45.0525,7.65838,56.3,25.2,-1.8
2,4,24119,45.0526,7.65842,9.4,25.72,-1.8
2,8,24131,45.0523,7.65805,76,25.26,-1.6
2,9,24150,45.0523,7.65787,90,25.21,-1.6
2,7,24142,45.0524,7.65816,56.3,25.25,-1.8
2,6,24152,45.0524,7.65828,56.3,25.25,-1.8
2,10,24179,45.0523,7.65564,270,15.99,0
2,11,24198,45.0523,7.65629,270,15.99,0
2,5,24207,45.0525,7.6584,41.5,25.02,-1.8
2,4,24219,45.0526,7.65842,9.4,25.54,-1.8
2,8,24231,45.0523,7.65807,66.9,25.1,-1.6
2,3,24233,45.0531,7.65641,270,30,0
2,5,24307,45.0525,7.6584,17.2,24.84,-1.8
2,8,24331,45.0523,7.6581,56.3,24.93,-1.6
2,9,24350,45.0523,7.65793,90,24.89,-1.6
2,7,24342,45.0524,7.65821,56.3,24.89,-1.8
2,6,24352,45.0524,7.65833,56.3,24.89,-1.8
2,5,24407,45.0525,7.6584,9.4,24.66,-1.8
2,4,24419,45.0526,7.65843,9.4,25.18,-1.8
2,8,24431,45.0523,7.65812,56.3,24.77,-1.6
2,3,24433,45.0531,7.65633,270,30,0
2,10,24479,45.0523,7.65558,270,15.99,-0.5
2,11,24498,45.0523,7.65623,270,15.99,-0.1
2,5,24507,45.0525,7.65841,9.4,24.48,-1.8
2,8,24531,45.0523,7.65815,56.3,24.6,-1.6
2,7,24542,45.0524,7.65827,56.3,24.53,-1.8
2,9,24550,45.0523,7.65804,77.8,24.56,-1.6
2,6,24552,45.0525,7.65838,56.3,24.53,-1.8
2,5,24607,45.0526,7.65841,9.4,24.3,-1.8
2,4,24619,45.0527,7.65844,9.4,24.82,-1.8
2,8,24631,45.0524,7.65817,56.3,24.44,-1.6
2,3,24633,45.0531,7.65626,270,30,0
2,9,24650,45.0523,7.65807,68.9,24.4,-1.6
2,6,24652,45.0525,7.65839,43.7,24.35,-1.8
2,5,24707,45.0526,7.65842,9.4,24.12,-1.8
2,7,24742,45.0524,7.65832,56.3,24.17,-1.8
2,9,24750,45.0523,7.65809,56.3,24.24,-1.6
2,6,24752,45.0525,7.6584,19.9,24.17,-1.8
2,10,24779,45.0523,7.65552,270,15.99,0
2,11,24798,45.0523,7.65617,270,15.99,0.4
2,4,24819,45.0527,7.65845,9.4,24.46,-1.8
2,8,24831,45.0524,7.65823,56.3,24.11,-1.6
2,3,24833,45.0531,7.65618,270,30,0
2,6,24852,45.0525,7.6584,9.4,23.99,-1.8
2,9,24850,45.0523,7.65812,56.3,24.08,-1.6
2,5,24907,45.0526,7.65843,9.4,23.76,-1.8
2,4,24919,45.0528,7.65845,1.1,24.28,-1.8
2,7,24942,45.0525,7.65837,56.3,23.81,-1.8
2,6,24952,45.0525,7.65841,9.4,23.81,-1.8
2,9,24950,45.0523,7.65814,56.3,23.91,-1.6
2,4,25019,45.0528,7.65844,351,24.1,-1.8
2,8,25031,45.0524,7.65827,56.3,23.78,-1.6
2,3,25033,45.0531,7.65611,270,30,0
2,6,25052,45.0526,7.65841,9.4,23.63,-1.8
2,9,25050,45.0524,7.65817,56.3,23.75,-1.6
2,10,25079,45.0523,7.65546,270,15.99,-0.4
2,2,25096,45.0525,7.65843,33.7,0,0
2,11,25098,45.0523,7.65611,270,15.99,0.4
2,5,25107,45.0527,7.65844,9.4,23.4,-1.8
2,4,25119,45.0528,7.65843,348.7,23.92,-1.8
2,7,25142,45.0525,7.6584,35.2,23.45,-1.8
2,6,25152,45.0526,7.65842,9.4,23.45,-1.8
2,4,25219,45.0528,7.65843,348.7,23.74,-1.8
2,3,25233,45.0531,7.65603,270,30,0
2,8,25231,45.0524,7.65832,56.3,23.43,-1.8
2,7,25242,45.0525,7.6584,12.9,23.27,-1.8
2,6,25252,45.0526,7.65842,9.4,23.27,-1.8
2,9,25250,45.0524,7.65821,56.3,23.4,-1.8
2,5,25307,45.0527,7.65844,9.4,23.04,-1.8
2,4,25319,45.0528,7.65842,348.7,23.56,-1.8
2,7,25342,45.0525,7.65841,9.4,23.09,-1.8
2,10,25379,45.0523,7.6554,270,15.99,-0.2
2,11,25398,45.0523,7.65605,270,15.99,0
2,3,25433,45.0531,7.65596,270,30,0
2,8,25431,45.0525,7.65837,56.3,23.07,-1.8
2,7,25442,45.0525,7.65841,9.4,22.91,-1.8
2,6,25452,45.0526,7.65843,9.4,22.91,-1.8
2,9,25450,45.0524,7.65826,56.3,23.04,-1.8
2,5,25507,45.0528,7.65845,4.6,22.68,-1.8
2,4,25519,45.0529,7.65841,348.7,23.2,-1.8
2,7,25542,45.0526,7.65841,9.4,22.73,-1.8
2,5,25607,45.0528,7.65844,355.2,22.5,-1.8
2,3,25633,45.0531,7.65588,270,30,0
2,7,25642,45.0526,7.65842,9.4,22.55,-1.8
2,8,25631,45.0525,7.6584,31,22.71,-1.8
2,6,25652,45.0527,7.65844,9.4,22.55,-1.8
2,9,25650,45.0524,7.65831,56.3,22.68,-1.8
2,10,25679,45.0523,7.65534,270,15.99,0
2,11,25698,45.0523,7.65599,270,15.99,0
2,5,25707,45.0528,7.65844,348.7,22.32,-1.8
2,4,25719,45.0529,7.6584,348.7,22.84,-1.8
2,8,25731,45.0525,7.6584,9.9,22.53,-1.8
2,5,25807,45.0528,7.65843,348.7,22.14,-1.8
2,3,25833,45.0531,7.65581,270,30,0
2,8,25831,45.0525,7.65841,9.4,22.35,-1.8
2,6,25852,45.0527,7.65845,9.4,22.19,-1.8
2,7,25842,45.0526,7.65843,9.4,22.19,-1.8
2,9,25850,45.0524,7.65836,56.3,22.32,-1.8
2,5,25907,45.0528,7.65842,348.7,21.96,-1.8
2,4,25919,45.053,7.65838,348.7,22.48,-1.8
2,8,25931,45.0525,7.65841,9.4,22.17,-1.8
2,10,25979,45.0523,7.65528,270,15.99,0.2
2,11,25998,45.0523,7.65593,270,15.99,-0.1
2,5,26007,45.0528,7.65842,348.7,21.78,-1.8
2,4,26019,45.053,7.65837,339,22.3,-1.8
2,3,26033,45.0531,7.65573,270,30,0
2,8,26031,45.0526,7.65841,9.4,21.99,-1.8
2,6,26052,45.0528,7.65845,0,21.83,-1.8
2,9,26050,45.0525,7.65839,46.4,21.96,-1.8
2,7,26042,45.0527,7.65843,9.4,21.83,-1.8
2,2,26096,45.0525,7.65843,33.7,0,0
2,6,26152,45.0528,7.65844,350.9,21.65,-1.8
2,9,26150,45.0525,7.6584,25,21.78,-1.8
2,5,26207,45.0529,7.65841,348.7,21.42,-1.8
2,3,26233,45.0531,7.65566,270,30,0
2,8,26231,45.0526,7.65842,9.4,21.63,-1.8
2,6,26252,45.0528,7.65843,348.7,21.47,-1.8
2,9,26250,45.0525,7.6584,9.4,21.6,-1.8
2,7,26242,45.0527,7.65844,9.4,21.47,-1.8
2,4,26219,45.053,7.65832,303,21.94,-1.8
2,10,26279,45.0523,7.65522,270,15.99,0.2
2,11,26298,45.0523,7.65587,270,15.99,-0.5
2,4,26319,45.053,7.6583,303,21.76,-1.8
2,6,26352,45.0528,7.65843,348.7,21.29,-1.8
2,9,26350,45.0525,7.65841,9.4,21.42,-1.8
2,5,26407,45.0529,7.6584,348.7,21.06,-1.8
2,4,26419,45.053,7.65827,303,21.58,-1.8
2,3,26433,45.0531,7.65558,270,30,0
2,8,26431,45.0526,7.65843,9.4,21.27,-1.8
2,6,26452,45.0528,7.65842,348.7,21.11,-1.8
2,9,26450,45.0525,7.65841,9.4,21.24,-1.8
2,7,26442,45.0527,7.65845,9.4,21.11,-1.8
2,4,26519,45.053,7.65825,303,21.4,-1.8
2,9,26550,45.0526,7.65841,9.4,21.06,-1.8
2,7,26542,45.0528,7.65845,1.7,20.93,-1.8
2,10,26579,45.0523,7.65516,270,15.99,0
2,11,26598,45.0523,7.65581,270,15.99,-0.2
2,5,26607,45.053,7.65838,348.7,20.7,-1.8
2,4,26619,45.053,7.65823,303,21.22,-1.8
2,3,26633,45.0531,7.65551,270,30,0
2,8,26631,45.0527,7.65844,9.4,20.91,-1.8
2,7,26642,45.0528,7.65844,353,20.75,-1.8
2,6,26652,45.0529,7.65841,348.7,20.75,-1.8
2,5,26707,45.053,7.65837,343.8,20.52,-1.8
2,9,26750,45.0526,7.65842,9.4,20.7,-1.8
2,7,26742,45.0528,7.65843,348.7,20.57,-1.8
2,5,26807,45.053,7.65835,324.7,20.34,-1.8
2,4,26819,45.0531,7.65818,303,20.86,-1.8
2,3,26833,45.0531,7.65543,270,30,0
2,8,26831,45.0527,7.65845,9.4,20.55,-1.8
2,7,26842,45.0528,7.65843,348.7,20.39,-1.8
2,6,26852,45.0529,7.6584,348.7,20.39,-1.8
2,10,26879,45.0523,7.6551,270,15.99,-0.2
2,11,26898,45.0523,7.65575,270,15.99,0
2,5,26907,45.053,7.65833,306,20.16,-1.8
2,9,26950,45.0526,7.65843,9.4,20.34,-1.8
2,7,26942,45.0528,7.65842,348.7,20.21,-1.8
2,5,27007,45.053,7.65831,303,19.98,-1.8
2,4,27019,45.0531,7.65814,303,20.5,-1.8
2,3,27033,45.0531,7.65536,270,30,0
2,8,27031,45.0528,7.65845,4.3,20.19,-1.8
2,7,27042,45.0528,7.65842,348.7,20.03,-1.8
2,6,27052,45.0529,7.65839,348.7,20.03,-1.8
2,2,27096,45.0525,7.65843,33.7,0,0
2,5,27107,45.053,7.65829,303,19.8,-1.8
2,8,27131,45.0528,7.65844,355.9,20.01,-1.8
2,9,27150,45.0527,7.65844,9.4,19.98,-1.8
2,10,27179,45.0523,7.65504,270,15.99,0.4
2,11,27198,45.0523,7.65569,270,15.99,0
2,5,27207,45.053,7.65827,303,19.62,-1.8
2,4,27219,45.0531,7.6581,303,20.14,-1.8
2,3,27233,45.0531,7.65528,270,30,0
2,8,27231,45.0528,7.65844,348.7,19.83,-1.8
2,6,27252,45.053,7.65837,343,19.67,-1.8
2,5,27307,45.053,7.65825,303,19.44,-1.8
2,8,27331,45.0528,7.65843,348.7,19.65,-1.8
2,7,27342,45.0529,7.6584,348.7,19.49,-1.8
2,6,27352,45.053,7.65835,324.7,19.49,-1.8
2,9,27350,45.0527,7.65844,9.4,19.62,-1.8
2,4,27419,45.0531,7.65805,303,19.78,-1.8
2,3,27433,45.0531,7.65521,270,30,0
2,8,27431,45.0528,7.65843,348.7,19.47,-1.8
2,6,27452,45.053,7.65833,306.7,19.31,-1.8
2,10,27479,45.0523,7.65498,270,15.99,0.1
2,11,27498,45.0523,7.65563,270,15.99,0
2,8,27531,45.0528,7.65842,348.7,19.29,-1.8
2,6,27552,45.053,7.65831,303,19.13,-1.8
2,9,27550,45.0527,7.65845,7.1,19.26,-1.8
2,5,27607,45.0531,7.65818,303,18.9,-1.8
2,4,27619,45.0531,7.65801,303,19.42,-1.8
2,3,27633,45.0531,7.65513,270,30,0
2,8,27631,45.0529,7.65842,348.7,19.11,-1.8
2,7,27642,45.053,7.65839,348.7,18.95,-1.8
2,6,27652,45.053,7.65829,303,18.95,-1.8
2,9,27650,45.0528,7.65844,359.1,19.08,-1.8
2,4,27719,45.0532,7.65793,289.7,19.24,-1.8
2,6,27752,45.053,7.65827,303,18.77,-1.8
2,9,27750,45.0528,7.65844,351.2,18.9,-1.8
2,10,27779,45.0523,7.65492,270,15.99,-0.3
2,11,27798,45.0523,7.65557,270,15.99,0.3
2,4,27819,45.0531,7.65791,282.9,19.06,-1.8
2,3,27833,45.0531,7.65506,270,30,0
2,7,27842,45.053,7.65837,339.6,18.59,-1.8
2,9,27850,45.0528,7.65843,348.7,18.72,-1.8
2,5,27907,45.0531,7.65812,303,18.36,-1.8
2,4,27919,45.0531,7.65789,270,18.88,-1.8
2,8,27931,45.0529,7.6584,348.7,18.57,-1.8
2,7,27942,45.053,7.65835,322,18.41,-1.8
2,9,27950,45.0528,7.65843,348.7,18.54,-1.8
2,4,28019,45.0531,7.65786,270,18.7,-1.8
2,3,28033,45.0531,7.65498,270,30,0
2,7,28042,45.053,7.65833,305.3,18.23,-1.8
2,9,28050,45.0528,7.65842,348.7,18.36,-1.8
2,6,28052,45.053,7.65821,303,18.23,-1.8
2,10,28079,45.0523,7.65486,270,15.99,0
2,2,28096,45.0525,7.65843,33.7,0,0
2,11,28098,45.0523,7.65551,270,15.99,0
2,4,28119,45.0531,7.65784,270,18.57,3.9
2,7,28142,45.053,7.65831,303,18.05,-1.8
2,10,28179,45.0523,7.65483,276.1,15.99,-0.1
2,5,28207,45.0531,7.65807,303,17.82,-1.8
2,4,28219,45.0531,7.65782,270,18.97,3.9
2,8,28231,45.053,7.65839,348.7,18.03,-1.8
2,3,28233,45.0531,7.65491,270,30,0
2,7,28242,45.053,7.65829,303,17.87,-1.8
2,10,28279,45.0523,7.65481,285,15.99,0
2,7,28342,45.053,7.65827,303,17.69,-1.8
2,6,28352,45.0531,7.65815,303,17.69,-1.8
2,9,28350,45.0529,7.65841,348.7,17.82,-1.8
2,10,28379,45.0523,7.6548,294.4,15.99,0.2
2,11,28398,45.0523,7.65545,270,15.99,0
2,4,28419,45.0531,7.65777,270,19.77,3.9
2,8,28431,45.053,7.65837,337.8,17.67,-1.8
2,3,28433,45.0531,7.65483,270,30,0
2,10,28479,45.0523,7.65478,303.6,15.99,0.2
2,5,28507,45.0531,7.65801,303,17.28,-1.8
2,8,28531,45.053,7.65835,321,17.49,-1.8
2,3,28533,45.0531,7.65475,252.7,30,0
2,10,28579,45.0523,7.65477,303.6,15.99,-0.1
2,5,28607,45.0532,7.65794,290.1,17.1,-1.8
2,4,28619,45.0531,7.65772,270,20.57,3.9
2,8,28631,45.053,7.65833,305.2,17.31,-1.8
2,3,28633,45.0531,7.65472,236.9,30,0
2,7,28642,45.053,7.65822,303,17.15,-1.8
2,9,28650,45.0529,7.6584,348.7,17.28,-1.8
2,6,28652,45.0531,7.6581,303,17.15,-1.8
2,10,28679,45.0523,7.65475,303.6,15.99,-0.1
2,11,28698,45.0523,7.65539,270,15.99,-0.3
2,5,28707,45.0531,7.65791,284,16.92,-1.8
2,8,28731,45.053,7.65831,303,17.13,-1.8
2,3,28733,45.0531,7.65468,236.9,30,0
2,10,28779,45.0523,7.65474,303.6,15.99,0.1
2,5,28807,45.0531,7.65789,278,16.74,-1.8
2,4,28819,45.0531,7.65767,270,21.37,3.9
2,8,28831,45.053,7.65829,303,16.95,-1.8
2,3,28833,45.053,7.65465,236.9,30,0
2,5,28907,45.0531,7.65787,270,16.56,-1.8
2,8,28931,45.053,7.65827,303,16.77,-1.8
2,3,28933,45.053,7.65462,236.9,30,0
2,7,28942,45.0531,7.65816,303,16.61,-1.8
2,9,28950,45.053,7.65838,348.7,16.74,-1.8
2,6,28952,45.0531,7.65804,303,16.61,-1.8
2,11,28998,45.0523,7.65533,270,15.99,0
2,5,29007,45.0531,7.65785,270,16.38,-1.8
2,4,29019,45.0531,7.65761,270,22.17,3.9
2,3,29033,45.053,7.65459,236.9,30,0
2,9,29050,45.053,7.65837,340.7,16.56,-1.8
2,10,29079,45.0524,7.65469,303.6,15.99,0.2
2,2,29096,45.0525,7.65843,33.7,0,0
2,5,29107,45.0531,7.65783,270,16.26,3.9
2,9,29150,45.053,7.65835,325.2,16.38,-1.8
2,5,29207,45.0531,7.65781,270,16.66,3.9
2,4,29219,45.0531,7.65755,270,22.97,3.9
2,3,29233,45.053,7.65453,236.9,30,0
2,8,29231,45.053,7.65822,303,16.23,-1.8
2,7,29242,45.0531,7.65811,303,16.07,-1.8
2,9,29250,45.053,7.65834,309.9,16.2,-1.8
2,6,29252,45.0532,7.65794,289.8,16.07,-1.8
2,11,29298,45.0523,7.65527,270,15.99,0
2,9,29350,45.053,7.65832,303,16.02,-1.8
2,6,29352,45.0531,7.65792,284,15.89,-1.8
2,10,29379,45.0524,7.65464,303.6,15.99,-0.1
2,5,29407,45.0531,7.65777,270,17.46,3.9
2,4,29419,45.0531,7.6575,270,23.77,3.9
2,3,29433,45.053,7.65446,236.9,30,0
2,9,29450,45.053,7.6583,303,15.84,-1.8
2,6,29452,45.0531,7.6579,278.4,15.71,-1.8
2,8,29531,45.0531,7.65817,303,15.69,-1.8
2,7,29542,45.0531,7.65806,303,15.53,-1.8
2,9,29550,45.053,7.65828,303,15.66,-1.8
2,6,29552,45.0531,7.65788,270,15.53,-1.8
2,11,29598,45.0523,7.65521,270,15.99,0.3
2,5,29607,45.0531,7.65772,270,18.26,3.9
2,4,29619,45.0531,7.65743,270,24.57,3.9
2,3,29633,45.0529,7.65441,229.2,30,0
2,9,29650,45.053,7.65827,303,15.48,-1.8
2,6,29652,45.0531,7.65786,270,15.35,-1.8
2,10,29679,45.0524,7.6546,303.6,15.99,-0.2
2,3,29733,45.0529,7.6544,200.9,30,0
2,6,29752,45.0531,7.65784,270,15.17,-1.8
2,5,29807,45.0531,7.65768,270,19.06,3.9
2,4,29819,45.0531,7.65737,270,25.37,3.9
2,3,29833,45.0529,7.65439,191.2,30,0
2,8,29831,45.0531,7.65812,303,15.15,-1.8
2,7,29842,45.0531,7.65801,303,15,-1.2
2,6,29852,45.0531,7.65782,270,15,-1.6
2,11,29898,45.0523,7.65515,270,15.99,0.3
2,3,29933,45.0528,7.65439,191.2,30,0
2,7,29942,45.0532,7.65794,290.8,15,0
2,9,29950,45.053,7.65822,303,15,0
2,6,29952,45.0531,7.6578,270,15,0
2,10,29979,45.0524,7.65455,303.6,15.99,0
2,5,30007,45.0531,7.65763,270,19.86,3.9
2,4,30019,45.0531,7.65731,270,26.17,3.9
2,3,30033,45.0528,7.65438,191.2,30,0
2,7,30042,45.0531,7.65792,285.4,15,0
2,2,30096,45.0525,7.65843,33.7,0,0
2,3,30133,45.0528,7.65437,191.2,30,0
2,8,30131,45.0531,7.65807,303,15,0
2,7,30142,45.0531,7.6579,280,15.19,3.9
2,11,30198,45.0523,7.65509,270,15.99,-0.5
2,5,30207,45.0531,7.65758,270,20.66,3.9
2,4,30219,45.0531,7.65724,270,26.97,3.9
2,7,30242,45.0531,7.65788,270,15.59,3.9
2,9,30250,45.0531,7.65817,303,15,0
2,6,30252,45.0531,7.65774,270,15.63,3.9
2,10,30279,45.0524,7.65447,303.6,16.59,2.9
2,3,30333,45.0527,7.65436,191.2,30,0
2,7,30342,45.0531,7.65786,270,15.99,3.9
2,10,30379,45.0524,7.65445,308.8,16.85,2.4
2,5,30407,45.0531,7.65752,270,21.46,3.9
2,4,30419,45.0531,7.65717,270,27.77,3.9
2,8,30431,45.0531,7.65802,303,15,0
2,7,30442,45.0531,7.65784,270,16.39,3.9
2,6,30452,45.0531,7.6577,270,16.43,3.9
2,10,30479,45.0525,7.65445,325.1,17.12,2.5
2,11,30498,45.0523,7.65503,270,15.99,0.1
2,3,30533,45.0527,7.65435,185.5,30,0
2,7,30542,45.0531,7.65782,270,16.79,3.9
2,9,30550,45.0531,7.65812,303,15,0
2,10,30579,45.0525,7.65445,341.9,17.39,2.9
2,5,30607,45.0531,7.65747,270,22.26,3.9
2,4,30619,45.0531,7.6571,270,28.57,3.9
2,8,30631,45.0532,7.65794,290.4,15,0
2,3,30633,45.0527,7.65436,173,30,0
2,6,30652,45.0531,7.65766,270,17.23,3.9
2,10,30679,45.0525,7.65444,350.5,17.47,-7
2,8,30731,45.0531,7.65792,285,15,0
2,3,30733,45.0526,7.65437,170.5,30,0
2,7,30742,45.0531,7.65778,270,17.59,3.9
2,10,30779,45.0525,7.65444,350.5,16.77,-7
2,5,30807,45.0531,7.65741,270,23.06,3.9
2,11,30798,45.0523,7.65497,270,15.99,0.4
2,4,30819,45.0531,7.65703,270,28.76,0
2,8,30831,45.0531,7.6579,279.7,15,0
2,3,30833,45.0526,7.65437,170.5,30,0
2,9,30850,45.0531,7.65807,303,15,0
2,6,30852,45.0531,7.65762,270,18.03,3.9
2,10,30879,45.0525,7.65444,350.5,16.07,-7
2,8,30931,45.0531,7.65788,270,15,0
2,3,30933,45.0526,7.65438,170.5,30,0
2,7,30942,45.0531,7.65773,270,18.39,3.9
2,10,30979,45.0525,7.65443,350.5,15.37,-7
2,5,31007,45.0531,7.65735,270,23.86,3.9
2,8,31031,45.0531,7.65786,270,15,0
2,4,31019,45.0531,7.65696,270,28.76,0
2,6,31052,45.0531,7.65757,270,18.83,3.9
2,10,31079,45.0525,7.65443,350.5,14.67,-7
2,2,31096,45.0525,7.65843,33.7,0,0
2,11,31098,45.0523,7.65491,270,15.99,0
2,8,31131,45.0531,7.65784,270,15.07,3.9
2,3,31133,45.0525,7.65439,170.5,30,0
2,7,31142,45.0531,7.65769,270,19.19,3.9
2,9,31150,45.0531,7.65803,303,15.15,3.9
2,10,31179,45.0525,7.65443,350.5,13.97,-7
2,5,31207,45.0531,7.65729,270,24.66,3.9
2,8,31231,45.0531,7.65782,270,15.47,3.9
2,4,31219,45.0531,7.65689,270,28.76,0
2,6,31252,45.0531,7.65752,270,19.63,3.9
2,10,31279,45.0526,7.65442,350.5,13.27,-7
2,3,31333,45.0525,7.65441,170.5,30,0
2,7,31342,45.0531,7.65764,270,19.99,3.9
2,10,31379,45.0526,7.65442,350.5,12.57,-7
2,5,31407,45.0531,7.65723,270,25.46,3.9
2,11,31398,45.0523,7.65485,270,15.61,-1.9
2,4,31419,45.0531,7.65681,270,28.76,0
2,6,31452,45.0531,7.65747,270,20.43,3.9
2,10,31479,45.0526,7.65442,350.5,11.87,-7
2,11,31498,45.0523,7.65483,277.3,15.42,-1.9
2,3,31533,45.0524,7.65442,170.5,30,0
2,7,31542,45.0531,7.65759,270,20.79,3.9
2,9,31450,45.0531,7.65792,284.6,16.35,3.9
2,9,31550,45.0531,7.6579,278.7,16.75,3.9
2,10,31579,45.0526,7.65442,350.5,11.17,-7
2,11,31598,45.0523,7.65481,285.9,15.22,-1.9
2,5,31607,45.0531,7.65717,270,26.26,3.9
2,4,31619,45.0531,7.65674,270,28.76,0
2,3,31633,45.0524,7.65445,142.8,30,0
2,6,31652,45.0531,7.65742,270,21.23,3.9
2,9,31650,45.0531,7.65788,270,17.15,3.9
2,10,31679,45.0526,7.65441,350.5,10.47,-7
2,11,31698,45.0523,7.6548,294.8,15.03,-1.9
2,8,31631,45.0531,7.65774,270,17.07,3.9
2,3,31733,45.0524,7.65448,123.6,30,0
2,7,31742,45.0531,7.65753,270,21.58,3.9
2,9,31750,45.0531,7.65785,270,17.55,3.9
2,10,31779,45.0526,7.65441,350.5,9.77,-7
2,11,31798,45.0523,7.65478,303.6,14.84,-1.9
2,5,31807,45.0531,7.6571,270,27.06,3.9
2,4,31819,45.0531,7.65667,270,28.76,0
2,8,31831,45.0531,7.6577,270,17.87,3.9
2,3,31833,45.0524,7.65452,123.6,30,0
2,6,31852,45.0531,7.65736,270,22.03,3.9
2,9,31850,45.0531,7.65783,270,17.95,3.9
2,10,31879,45.0526,7.65441,350.5,9.07,-7
2,11,31898,45.0523,7.65477,303.6,14.64,-1.9
2,3,31933,45.0524,7.65455,123.6,30,0
2,7,31942,45.0531,7.65748,270,22.37,3.9
2,9,31950,45.0531,7.65781,270,18.35,3.9
2,10,31979,45.0526,7.65441,350.5,8.37,-7
2,11,31998,45.0523,7.65475,303.6,14.45,-1.9
2,5,32007,45.0531,7.65703,270,27.86,3.9
2,4,32019,45.0531,7.6566,270,28.76,0
2,8,32031,45.0531,7.65765,270,18.67,3.9
2,3,32033,45.0523,7.65458,123.6,30,0
2,6,32052,45.0531,7.65731,270,22.83,3.9
2,10,32079,45.0526,7.65441,350.5,7.99,0.1
2,2,32096,45.0525,7.65843,33.7,0,0
2,11,32098,45.0523,7.65474,303.6,14.25,-1.9
2,7,32142,45.0531,7.65742,270,23.15,3.9
2,9,32150,45.0531,7.65776,270,19.15,3.9
2,10,32179,45.0526,7.6544,350.5,7.99,-0.1
2,5,32207,45.0531,7.65696,270,28.66,3.9
2,4,32219,45.0531,7.65653,270,28.76,0
2,8,32231,45.0531,7.65761,270,19.47,3.9
2,3,32233,45.0523,7.65464,123.6,30,0
2,6,32252,45.0531,7.65725,270,23.63,3.9
2,10,32279,45.0526,7.6544,350.5,7.99,0.2
2,7,32342,45.0531,7.65736,270,23.94,3.9
2,9,32350,45.0531,7.65771,270,19.95,3.9
2,2,32396,45.0525,7.65843,33,0.95,5
2,11,32398,45.0524,7.6547,303.6,14.7,2.7
2,5,32407,45.0531,7.65689,270,29.46,3.9
2,4,32419,45.0531,7.65645,270,28.76,0
2,8,32431,45.0531,7.65756,270,20.27,3.9
2,3,32433,45.0523,7.65471,123.6,30,0
2,6,32452,45.0531,7.65719,270,24.43,3.9
2,2,32496,45.0525,7.65843,32.1,1.45,5
2,7,32542,45.0531,7.6573,270,24.73,3.9
2,9,32550,45.0531,7.65766,270,20.75,3.9
2,2,32596,45.0525,7.65843,30.8,1.95,5
2,5,32607,45.0531,7.65681,270,29.79,0
2,4,32619,45.0531,7.65638,270,28.76,0
2,8,32631,45.0531,7.6575,270,21.07,3.9
2,3,32633,45.0523,7.65477,123.6,30,0
2,6,32652,45.0531,7.65713,270,25.23,3.9
2,2,32696,45.0525,7.65843,29.1,2.44,4.9
2,3,32733,45.0522,7.65486,112.6,30,0
2,7,32742,45.0531,7.65724,270,25.52,3.9
2,9,32750,45.0531,7.65761,270,21.54,3.9
2,2,32796,45.0525,7.65844,27,2.94,4.9
2,5,32807,45.0531,7.65674,270,29.78,0
2,4,32819,45.0531,7.65631,270,28.76,0
2,8,32831,45.0531,7.65745,270,21.87,3.9
2,3,32833,45.0522,7.6549,101.7,30,0
2,6,32852,45.0531,7.65706,270,26.03,3.9
2,10,32879,45.0527,7.65439,350.5,7.99,0
2,2,32896,45.0525,7.65844,24.6,3.44,4.9
2,11,32798,45.0524,7.65464,303.6,15.78,2.6
2,3,32933,45.0522,7.65493,90,30,0
2,7,32942,45.0531,7.65717,270,26.31,3.9
2,9,32950,45.0531,7.65755,270,22.32,3.9
2,11,32998,45.0524,7.65461,303.6,16.33,2.8
2,5,33007,45.0531,7.65666,270,29.77,0
2,4,33019,45.0531,7.65624,270,28.76,0
2,8,33031,45.0531,7.65739,270,22.67,3.9
2,3,33033,45.0522,7.65497,90,30,0
2,6,33052,45.0531,7.657,270,26.83,3.9
2,2,33096,45.0525,7.65844,18.7,4.44,4.9
2,3,33133,45.0522,7.65501,90,30,0
2,7,33142,45.0531,7.65711,270,27.11,3.9
2,10,33179,45.0527,7.65439,354.6,7.99,0
2,5,33207,45.0531,7.65659,270,29.76,0
2,4,33219,45.0531,7.65617,270,28.76,0
2,8,33231,45.0531,7.65734,270,23.47,3.9
2,3,33233,45.0522,7.65505,90,30,0
2,6,33252,45.0531,7.65693,270,27.63,3.9
2,2,33296,45.0525,7.65844,11.8,5.44,4.9
2,7,33342,45.0531,7.65704,270,27.9,3.9
2,9,33350,45.0531,7.65744,270,23.9,3.9
2,10,33379,45.0527,7.65439,1.3,7.99,0
2,5,33407,45.0531,7.65651,270,29.75,0
2,4,33419,45.0531,7.65609,270,28.76,0
2,8,33431,45.0531,7.65728,270,24.27,3.9
2,3,33433,45.0522,7.65512,90,30,0
2,6,33452,45.0531,7.65686,270,28.43,3.9
2,2,33496,45.0525,7.65844,9.4,6.44,4.9
2,11,33398,45.0524,7.65455,303.6,16.5,-1.9
2,7,33542,45.0531,7.65697,270,28.69,3.9
2,9,33550,45.0531,7.65738,270,24.69,3.9
2,10,33579,45.0527,7.6544,8,7.99,-0.1
2,11,33598,45.0524,7.65452,303.6,16.11,-1.9
2,5,33607,45.0531,7.65644,270,29.74,0
2,4,33619,45.0531,7.65602,270,28.76,0
2,8,33631,45.0531,7.65721,270,25.07,3.9
2,3,33633,45.0522,7.6552,90,30,0
2,6,33652,45.0531,7.65679,270,29.23,3.9
2,2,33696,45.0525,7.65844,9.4,7.44,4.9
2,7,33742,45.0531,7.65689,270,29.48,3.9
2,9,33750,45.0531,7.65731,270,25.48,3.9
2,10,33779,45.0527,7.6544,11.3,7.99,-0.1
2,11,33798,45.0525,7.65449,309.1,15.72,-1.9
2,5,33807,45.0531,7.65637,270,29.73,0
2,8,33831,45.0531,7.65715,270,25.87,3.9
2,3,33833,45.0522,7.65527,90,30,0
2,6,33852,45.0531,7.65671,270,30,0
2,2,33896,45.0525,7.65845,9.4,8.44,5
2,11,33898,45.0525,7.65449,323.9,15.52,-1.9
2,7,33942,45.0531,7.65682,270,29.85,0
2,9,33950,45.0531,7.65725,270,26.27,3.9
2,11,33998,45.0525,7.65448,339.1,15.33,-1.9
2,5,34007,45.0531,7.65629,270,29.72,0
2,8,34031,45.0531,7.65708,270,26.67,3.9
2,3,34033,45.0522,7.65535,90,30,0
2,6,34052,45.0531,7.65664,270,30,0
2,10,33979,45.0528,7.6544,11.3,7.99,-0.1
2,11,34098,45.0525,7.65448,350.5,15.13,-1.9
2,4,34019,45.0531,7.65588,270,28.76,0
2,7,34142,45.0531,7.65674,270,29.85,0
2,9,34150,45.0531,7.65718,270,27.07,3.9
2,2,34096,45.0526,7.65845,9.4,9.44,5
2,11,34198,45.0525,7.65448,350.5,14.94,-1.9
2,4,34219,45.0531,7.65581,270,28.76,0
2,5,34207,45.0531,7.65622,270,29.72,0
2,8,34231,45.0531,7.65702,270,27.26,0
2,3,34233,45.0522,7.65542,90,30,0
2,6,34252,45.0531,7.65656,270,30,0
2,10,34179,45.0528,7.65441,11.3,7.99,0
2,11,34298,45.0525,7.65447,350.5,14.75,-1.9
2,7,34342,45.0531,7.65667,270,29.85,0
2,9,34350,45.0531,7.65711,270,27.21,0
2,2,34296,45.0526,7.65846,9.4,10.45,5
2,2,34396,45.0526,7.65846,9.4,10.95,5
2,11,34398,45.0525,7.65447,350.5,14.55,-1.9
2,4,34419,45.0531,7.65573,270,28.76,0
2,5,34407,45.0531,7.65614,270,29.71,0
2,8,34431,45.0531,7.65695,270,27.26,0
2,3,34433,45.0522,7.6555,90,30,0
2,6,34452,45.0531,7.65649,270,30,0
2,2,34496,45.0526,7.65846,9.4,11.45,5
2,7,34542,45.0531,7.65659,270,29.85,0
2,9,34550,45.0531,7.65705,270,27.21,0
2,2,34596,45.0526,7.65846,9.4,11.95,5
2,4,34619,45.0531,7.65566,270,28.76,0
2,5,34607,45.0531,7.65607,270,29.7,0
2,8,34631,45.0531,7.65688,270,27.26,0
2,3,34633,45.0522,7.65557,90,30,0
2,6,34652,45.0531,7.65641,270,30,0
2,11,34698,45.0526,7.65446,350.5,13.97,-1.9
2,2,34696,45.0526,7.65846,9.4,12.45,5
2,7,34742,45.0531,7.65652,270,29.85,0
2,9,34750,45.0531,7.65698,270,27.21,0
2,10,34779,45.0528,7.65442,11.3,7.99,-0.1
2,2,34796,45.0526,7.65847,9.4,12.95,5
2,4,34819,45.0531,7.65559,270,28.76,0
2,5,34807,45.0531,7.65599,270,29.69,0
2,8,34831,45.0531,7.65681,270,27.26,0
2,3,34833,45.0522,7.65565,90,30,0
2,6,34852,45.0531,7.65634,270,30,0
2,2,34896,45.0526,7.65847,9.4,13.45,5
2,7,34942,45.0531,7.65644,270,29.85,0
2,9,34950,45.0531,7.65691,270,27.21,0
2,11,34998,45.0526,7.65445,350.5,13.38,-1.9
2,2,34996,45.0527,7.65847,9.4,13.95,5
2,4,35019,45.0531,7.65552,270,28.76,0
2,5,35007,45.0531,7.65592,270,29.68,0
2,8,35031,45.0531,7.65674,270,27.26,0
2,3,35033,45.0522,7.65572,90,30,0
2,6,35052,45.0531,7.65626,270,30,0
2,2,35096,45.0527,7.65847,9.4,14.45,5
2,7,35142,45.0531,7.65637,270,29.85,0
2,9,35150,45.0531,7.65684,270,27.21,0
2,2,35196,45.0527,7.65848,9.4,14.95,5
2,4,35219,45.0531,7.65545,270,28.76,0
2,5,35207,45.0531,7.65584,270,29.67,0
2,8,35231,45.0531,7.65668,270,27.26,0
2,3,35233,45.0522,7.6558,90,30,0
2,6,35252,45.0531,7.65619,270,30,0
2,11,35298,45.0526,7.65445,350.5,12.8,-1.9
2,2,35296,45.0527,7.65848,9.4,15.45,5
2,7,35342,45.0531,7.65629,270,29.85,0
2,9,35350,45.0531,7.65677,270,27.21,0
2,10,35379,45.0528,7.65443,11.3,7.99,-0.2
2,2,35396,45.0527,7.65848,9.4,15.95,5
2,4,35419,45.0531,7.65537,270,28.76,0
2,5,35407,45.0531,7.65577,270,29.66,0
2,8,35431,45.0531,7.65661,270,27.26,0
2,3,35433,45.0522,7.65587,90,30,0
2,6,35452,45.0531,7.65611,270,30,0
2,2,35496,45.0527,7.65849,9.4,16.45,5
2,9,35550,45.0531,7.65671,270,27.21,0
2,7,35542,45.0531,7.65622,270,29.85,0
2,11,35598,45.0527,7.65444,350.5,12.22,-1.9
2,2,35596,45.0527,7.65849,8.8,16.95,5
2,5,35607,45.0531,7.6557,270,29.65,0
2,8,35631,45.0531,7.65654,270,27.26,0
2,4,35619,45.0531,7.6553,270,28.76,0
2,3,35633,45.0522,7.65595,90,30,0
2,6,35652,45.0531,7.65604,270,30,0
2,2,35696,45.0528,7.65848,3.3,17.45,5
2,9,35750,45.0531,7.65664,270,27.21,0
2,7,35742,45.0531,7.65615,270,29.85,0
2,2,35796,45.0528,7.65848,357.6,17.95,5
2,5,35807,45.0531,7.65562,270,29.65,0
2,8,35831,45.0531,7.65647,270,27.26,0
2,4,35819,45.0531,7.65523,270,28.76,0
2,3,35833,45.0522,7.65602,90,30,0
2,6,35852,45.0531,7.65596,270,30,0
2,11,35898,45.0527,7.65443,350.5,11.63,-1.9
2,9,35950,45.0531,7.65657,270,27.21,0
2,7,35942,45.0531,7.65607,270,29.85,0
2,10,35979,45.0529,7.65444,11.3,7.99,0.1
2,5,36007,45.0531,7.65555,270,29.64,0
2,8,36031,45.0531,7.6564,270,27.26,0
2,4,36019,45.0531,7.65516,270,28.76,0
2,3,36033,45.0523,7.6561,90,30,0
2,6,36052,45.0531,7.65589,270,30,0
2,2,35996,45.0528,7.65847,348.6,18.95,5
2,2,36096,45.0528,7.65846,348.6,19.45,5
2,9,36150,45.0531,7.6565,270,27.21,0
2,7,36142,45.0531,7.656,270,29.85,0
2,11,36198,45.0527,7.65443,358.7,11.05,-1.9
2,5,36207,45.0531,7.65547,270,29.63,0
2,8,36231,45.0531,7.65633,270,27.26,0
2,4,36219,45.0531,7.65509,270,28.76,0
2,3,36233,45.0523,7.65617,90,30,0
2,6,36252,45.0531,7.65581,270,30,0
2,9,36350,45.0531,7.65643,270,27.21,0
2,7,36342,45.0531,7.65592,270,29.85,0
2,10,36379,45.0529,7.65445,16.8,7.99,-0.2
2,5,36407,45.0531,7.6554,270,29.62,0
2,8,36431,45.0531,7.65627,270,27.26,0
2,4,36419,45.0531,7.65501,270,28.76,0
2,3,36433,45.0523,7.65625,90,30,0
2,6,36452,45.0531,7.65574,270,30,0
2,10,36479,45.0529,7.65446,24.1,7.99,-0.3
2,11,36398,45.0527,7.6544,8.2,10.78,-0.7
2,11,36498,45.0527,7.6544,11.3,10.7,-0.8
2,9,36550,45.0531,7.65636,270,27.21,0
2,7,36542,45.0531,7.65585,270,29.85,0
2,10,36579,45.0529,7.65447,31.7,7.99,0
2,5,36607,45.0531,7.65533,270,29.61,0
2,11,36598,45.0527,7.6544,11.3,10.62,-0.3
2,4,36619,45.0531,7.65494,270,28.76,0
2,8,36631,45.0531,7.6562,270,27.26,0
2,3,36633,45.0523,7.65632,90,30,0
2,6,36652,45.0531,7.65566,270,30,0
2,10,36679,45.0529,7.65447,39.4,7.99,0.1
2,2,36596,45.0529,7.65843,348.6,21.95,5
2,2,36696,45.0529,7.65843,348.6,22.45,5
2,11,36698,45.0528,7.6544,11.3,10.53,-0.9
2,7,36742,45.0531,7.65577,270,29.85,0
2,9,36750,45.0531,7.6563,270,27.21,0
2,10,36779,45.0529,7.65448,46.9,7.99,-0.2
2,2,36796,45.053,7.65842,348.6,22.95,5
2,5,36807,45.0531,7.65525,270,29.61,0
2,4,36819,45.0531,7.65487,270,28.76,0
2,8,36831,45.0531,7.65613,270,27.26,0
2,3,36833,45.0523,7.6564,90,30,0
2,6,36852,45.0531,7.65559,270,30,0
2,10,36879,45.0529,7.65449,54.1,8.26,2.7
2,2,36896,45.053,7.65842,348.6,23.45,5
2,7,36942,45.0531,7.6557,270,29.85,0
2,9,36950,45.0531,7.65623,270,27.21,0
2,10,36979,45.0529,7.6545,56.9,8.54,2.6
2,2,36996,45.053,7.65839,336.1,23.95,5
2,5,37007,45.0531,7.65518,270,29.6,0
2,4,37019,45.0531,7.65475,254.2,28.76,0
2,8,37031,45.0531,7.65606,270,27.26,0
2,3,37033,45.0523,7.65647,90,30,0
2,6,37052,45.0531,7.65551,270,30,0
2,10,37079,45.0529,7.65451,56.9,8.8,2.4
2,2,37096,45.053,7.65837,318.5,24,0
2,11,37098,45.0528,7.65441,11.3,10.69,0.6
2,4,37119,45.0531,7.65472,236.9,28.76,0
2,7,37142,45.0531,7.65562,270,29.85,0
2,9,37150,45.0531,7.65616,270,27.21,0
2,10,37179,45.0529,7.65452,56.9,9.07,2.6
2,2,37196,45.053,7.65834,303,24,0
2,5,37207,45.0531,7.6551,270,29.59,0
2,4,37219,45.0531,7.65469,236.9,28.76,0
2,3,37233,45.0523,7.65655,90,30,0
2,8,37231,45.0531,7.65599,270,27.26,0
2,6,37252,45.0531,7.65544,270,30,0
2,2,37296,45.053,7.65831,303,24,0
2,4,37319,45.053,7.65466,236.9,28.76,0
2,7,37342,45.0531,7.65555,270,29.85,0
2,9,37350,45.0531,7.65609,270,27.21,0
2,10,37379,45.053,7.65454,56.9,9.63,2.7
2,2,37396,45.053,7.65829,303,24,0
2,5,37407,45.0531,7.65503,270,29.58,0
2,4,37419,45.053,7.65463,236.9,28.76,0
2,3,37433,45.0523,7.65662,90,30,0
2,8,37431,45.0531,7.65593,270,27.26,0
2,6,37452,45.0531,7.65536,270,30,0
2,2,37496,45.0531,7.65826,303,24,0
2,11,37498,45.0528,7.65442,11.3,11.15,1.2
2,7,37542,45.0531,7.65547,270,29.85,0
2,9,37550,45.0531,7.65602,270,27.21,0
2,10,37579,45.053,7.65456,56.9,10.17,2.6
2,5,37607,45.0531,7.65496,270,29.58,0
2,4,37619,45.053,7.65457,236.9,28.76,0
2,3,37633,45.0523,7.6567,90,30,0
2,8,37631,45.0531,7.65586,270,27.26,0
2,6,37652,45.0531,7.65529,270,30,0
2,2,37696,45.0531,7.6582,303,24,0
2,9,37750,45.0531,7.65596,270,27.21,0
2,7,37742,45.0531,7.6554,270,29.85,0
2,10,37779,45.053,7.65458,56.9,10.71,2.4
2,5,37807,45.0531,7.65488,270,29.57,0
2,4,37819,45.053,7.65451,236.9,28.76,0
2,3,37833,45.0523,7.65677,90,30,0
2,8,37831,45.0531,7.65579,270,27.26,0
2,6,37852,45.0531,7.65521,270,30,0
2,2,37896,45.0531,7.65815,303,24,0
2,11,37898,45.0529,7.65443,11.3,11.72,1.1
2,7,37942,45.0531,7.65532,270,29.85,0
2,9,37950,45.0531,7.65589,270,27.21,0
2,10,37979,45.053,7.6546,56.9,11.26,2.9
2,5,38007,45.0531,7.65476,256.8,29.56,0
2,4,38019,45.0529,7.65445,236.9,28.76,0
2,3,38033,45.0523,7.65685,90,30,0
2,8,38031,45.0531,7.65572,270,27.26,0
2,6,38052,45.0531,7.65514,270,30,0
2,2,38096,45.0531,7.6581,303,24,0
2,5,38107,45.0531,7.65473,246.2,29.56,0
2,7,38142,45.0531,7.65525,270,29.85,0
2,9,38150,45.0531,7.65582,270,27.21,0
2,10,38179,45.053,7.65462,56.9,11.8,2.6
2,11,38198,45.0529,7.65444,11.3,12.23,1.5
2,5,38207,45.0531,7.6547,236.9,29.55,0
2,4,38219,45.0529,7.65441,218.9,28.76,0
2,8,38231,45.0531,7.65565,270,27.26,0
2,3,38233,45.0523,7.65692,90,30,0
2,6,38252,45.0531,7.65506,270,30,0
2,2,38296,45.0532,7.65804,303,24,0
2,5,38307,45.053,7.65467,236.9,29.55,0
2,4,38319,45.0529,7.6544,192.3,28.76,0
2,7,38342,45.0531,7.65517,270,29.85,0
2,9,38350,45.0531,7.65575,270,27.21,0
2,10,38379,45.053,7.65465,56.9,12.34,2.8
2,2,38396,45.0532,7.65794,292.5,24,0
2,11,38398,45.0529,7.65445,17.7,12.59,1.8
2,5,38407,45.053,7.65463,236.9,29.55,0
2,4,38419,45.0529,7.65439,191.2,28.76,0
2,8,38431,45.0531,7.65558,270,27.26,0
2,3,38433,45.0523,7.657,90,30,0
2,6,38452,45.0531,7.65499,270,30,0
2,2,38496,45.0532,7.65791,286.1,24,0
2,11,38498,45.0529,7.65446,29.4,12.77,1.9
2,5,38507,45.053,7.6546,236.9,29.54,0
2,4,38519,45.0528,7.65439,191.2,28.76,0
2,7,38542,45.0531,7.6551,270,29.85,0
2,9,38550,45.0531,7.65568,270,27.22,0
2,10,38579,45.053,7.65467,56.9,12.88,2.7
2,2,38596,45.0532,7.65788,279.6,24,0
2,11,38598,45.0529,7.65448,41.8,12.96,1.9
2,5,38607,45.053,7.65457,236.9,29.54,0
2,4,38619,45.0528,7.65438,191.2,28.76,0
2,8,38631,45.0531,7.65552,270,27.26,0
2,3,38633,45.0523,7.65707,90,30,0
2,6,38652,45.0531,7.65491,270,30,0
2,2,38696,45.0532,7.65785,270,24,0
2,11,38698,45.0529,7.65449,53.6,13.16,1.8
2,4,38719,45.0528,7.65437,191.2,28.76,0
2,7,38742,45.0531,7.65502,270,29.85,0
2,9,38750,45.0531,7.65562,270,27.22,0
2,10,38779,45.053,7.6547,56.9,13.41,2.4
2,2,38796,45.0532,7.65782,270,24,0
2,11,38798,45.0529,7.6545,56.9,13.35,2.5
2,5,38807,45.053,7.65451,236.9,29.53,0
2,4,38819,45.0528,7.65437,191.2,28.76,0
2,8,38831,45.0531,7.65545,270,27.26,0
2,3,38833,45.0523,7.65715,90,30,0
2,6,38852,45.0531,7.65484,270,30,0
2,2,38896,45.0532,7.65779,270,24,0
2,11,38898,45.0529,7.65452,56.9,13.55,2.4
2,7,38942,45.0531,7.65495,270,29.85,0
2,6,38952,45.0531,7.65475,254.1,30,0
2,9,38950,45.0531,7.65555,270,27.22,0
2,10,38979,45.053,7.65472,56.9,13.94,2.7
2,2,38996,45.0532,7.65776,270,24,0
2,11,38998,45.053,7.65453,56.9,13.75,1.9
2,5,39007,45.0529,7.65445,236.9,29.52,0
2,4,39019,45.0527,7.65435,191.2,28.76,0
2,8,39031,45.0531,7.65538,270,27.26,0
2,3,39033,45.0523,7.65722,90,30,0
2,6,39052,45.0531,7.65472,236.9,30,0
2,11,39098,45.053,7.65454,56.9,13.96,2.3
2,4,39119,45.0527,7.65435,185.5,28.76,0
2,7,39142,45.0531,7.65487,270,29.85,0
2,9,39150,45.0531,7.65548,270,27.22,0
2,6,39152,45.0531,7.65469,236.9,30,0
2,10,39179,45.0531,7.65475,56.9,14.49,2.6
2,2,39196,45.0532,7.6577,270,24,0
2,5,39207,45.0529,7.6544,216.9,29.52,0
2,4,39219,45.0527,7.65436,173.5,28.76,0
2,8,39231,45.0531,7.65531,270,27.26,0
2,3,39233,45.0523,7.6573,90,30,0
2,6,39252,45.053,7.65466,236.9,30,0
2,5,39307,45.0529,7.6544,191.2,29.51,0
2,4,39319,45.0526,7.65437,170.5,28.76,0
2,7,39342,45.0531,7.65475,254.8,29.85,0
2,9,39350,45.0531,7.65541,270,27.22,0
2,6,39352,45.053,7.65463,236.9,30,0
2,10,39379,45.0531,7.65478,56.9,15.02,2.4
2,2,39396,45.0532,7.65764,270,24,0
2,11,39398,45.053,7.65459,56.9,14.61,2.4
2,5,39407,45.0529,7.65439,191.2,29.51,0
2,4,39419,45.0526,7.65437,170.5,28.76,0
2,3,39433,45.0523,7.65737,90,30,0
2,8,39431,45.0531,7.65524,270,27.26,0
2,7,39442,45.0531,7.65472,236.9,29.85,0
2,10,39479,45.0531,7.65483,63.1,15.29,2.5
2,5,39507,45.0528,7.65438,191.2,29.51,0
2,4,39519,45.0526,7.65438,170.5,28.76,0
2,7,39542,45.0531,7.65469,236.9,29.85,0
2,9,39550,45.0531,7.65534,270,27.22,0
2,6,39552,45.053,7.65456,236.9,30,0
2,10,39579,45.0531,7.65485,69.9,15.56,2.4
2,5,39607,45.0528,7.65438,191.2,29.5,0
2,2,39596,45.0532,7.65758,270,24,0
2,3,39633,45.0523,7.65745,90,30,0
2,8,39631,45.0531,7.65517,270,27.26,0
2,7,39642,45.053,7.65466,236.9,29.85,0
2,10,39679,45.0531,7.65487,76.8,15.84,2.4
2,11,39698,45.053,7.65463,56.9,15.28,2
2,4,39719,45.0525,7.65439,170.5,28.76,0
2,7,39742,45.053,7.65463,236.9,29.85,0
2,9,39750,45.0531,7.65527,270,27.22,0
2,6,39752,45.053,7.6545,236.9,30,0
2,10,39779,45.0531,7.65489,83.6,15.99,0.2
2,5,39807,45.0528,7.65436,191.2,29.5,0
2,2,39796,45.0532,7.65752,270,24,0
2,3,39833,45.0523,7.65752,90,30,0
2,8,39831,45.0531,7.65511,270,27.26,0
2,7,39842,45.053,7.6546,236.9,29.85,0
2,10,39879,45.0531,7.65491,90,15.99,0
