vehicle_id,msg_seq,tx_t_s,rx_t_s,rx_ok,msg_type,tx_id,rx_id,cam_gdt_ms,pkt_uid
veh5,1787,1.7879,,0,CAM,5,,1787,-1
veh5,1987,1.9879,,0,CAM,5,,1987,-1
veh5,2018,,2.02608,1,CAM,3,5,2018,-1
veh5,2025,,2.02683,1,CAM,2,5,2025,-1
veh5,2087,2.0879,,0,CAM,5,,2087,-1
veh5,2118,,2.12608,1,CAM,3,5,2118,-1
veh5,2187,2.1879,,0,CAM,5,,2187,-1
veh5,2199,,2.20358,1,CAM,4,5,2199,-1
veh5,2218,,2.22608,1,CAM,3,5,2218,-1
veh5,2225,,2.22683,1,CAM,2,5,2225,-1
veh5,2287,2.2879,,0,CAM,5,,2287,-1
veh5,2318,,2.32608,1,CAM,3,5,2318,-1
veh5,2387,2.3879,,0,CAM,5,,2387,-1
veh5,2399,,2.40358,1,CAM,4,5,2399,-1
veh5,2418,,2.42608,1,CAM,3,5,2418,-1
veh5,2425,,2.42683,1,CAM,2,5,2425,-1
veh5,2487,2.4879,,0,CAM,5,,2487,-1
veh5,2599,,2.60358,1,CAM,4,5,2599,-1
veh5,2618,,2.62608,1,CAM,3,5,2618,-1
veh5,2625,,2.62683,1,CAM,2,5,2625,-1
veh5,2687,2.6879,,0,CAM,5,,2687,-1
veh5,2699,,2.70358,1,CAM,4,5,2699,-1
veh5,2718,,2.73058,1,CAM,3,5,2718,-1
veh5,2799,,2.80358,1,CAM,4,5,2799,-1
veh5,2807,,2.80983,1,CAM,6,5,2807,-1
veh5,2817,,2.81983,1,CAM,7,5,2817,-1
veh5,2825,,2.82683,1,CAM,2,5,2825,-1
veh5,2818,,2.83058,1,CAM,3,5,2818,-1
veh5,2865,,2.87258,1,CAM,9,5,2865,-1
veh5,2887,2.8879,,0,CAM,5,,2887,-1
veh5,2907,,2.90983,1,CAM,6,5,2907,-1
veh5,2899,,2.91658,1,CAM,4,5,2899,-1
veh5,2917,,2.91983,1,CAM,7,5,2917,-1
veh5,2918,,2.93058,1,CAM,3,5,2918,-1
veh5,2987,2.9879,,0,CAM,5,,2987,-1
veh5,3003,,3.00383,1,CAM,8,5,3003,-1
veh5,3007,,3.00983,1,CAM,6,5,3007,-1
veh5,2999,,3.01658,1,CAM,4,5,2999,-1
veh5,3017,,3.01983,1,CAM,7,5,3017,-1
veh5,3025,,3.02683,1,CAM,2,5,3025,-1
veh5,3018,,3.03058,1,CAM,3,5,3018,-1
veh5,3065,,3.07258,1,CAM,9,5,3065,-1
veh5,3087,3.0879,,0,CAM,5,,3087,-1
veh5,3107,,3.10983,1,CAM,6,5,3107,-1
veh5,3099,,3.11658,1,CAM,4,5,3099,-1
veh5,3103,,3.11933,1,CAM,8,5,3103,-1
veh5,3117,,3.11983,1,CAM,7,5,3117,-1
veh5,3118,,3.13058,1,CAM,3,5,3118,-1
veh5,3187,3.1879,,0,CAM,5,,3187,-1
veh5,3207,,3.20983,1,CAM,6,5,3207,-1
veh5,3199,,3.21658,1,CAM,4,5,3199,-1
veh5,3203,,3.21933,1,CAM,8,5,3203,-1
veh5,3217,,3.21983,1,CAM,7,5,3217,-1
veh5,3218,,3.22333,1,CAM,3,5,3218,-1
veh5,3225,,3.22683,1,CAM,2,5,3225,-1
veh5,3265,,3.27258,1,CAM,9,5,3265,-1
veh5,3287,3.2879,,0,CAM,5,,3287,-1
veh5,3307,,3.30983,1,CAM,6,5,3307,-1
veh5,3303,,3.31933,1,CAM,8,5,3303,-1
veh5,3317,,3.31983,1,CAM,7,5,3317,-1
veh5,3318,,3.32333,1,CAM,3,5,3318,-1
veh5,3387,3.3879,,0,CAM,5,,3387,-1
veh5,3407,,3.40983,1,CAM,6,5,3407,-1
veh5,3399,,3.41658,1,CAM,4,5,3399,-1
veh5,3403,,3.41933,1,CAM,8,5,3403,-1
veh5,3417,,3.41983,1,CAM,7,5,3417,-1
veh5,3418,,3.42333,1,CAM,3,5,3418,-1
veh5,3425,,3.43758,1,CAM,2,5,3425,-1
veh5,3465,,3.47258,1,CAM,9,5,3465,-1
veh5,3487,3.4879,,0,CAM,5,,3487,-1
veh5,3507,,3.50983,1,CAM,6,5,3507,-1
veh5,3503,,3.51933,1,CAM,8,5,3503,-1
veh5,3517,,3.51983,1,CAM,7,5,3517,-1
veh5,3518,,3.52333,1,CAM,3,5,3518,-1
veh5,3587,3.5879,,0,CAM,5,,3587,-1
veh5,3607,,3.60983,1,CAM,6,5,3607,-1
veh5,3599,,3.61658,1,CAM,4,5,3599,-1
veh5,3603,,3.61933,1,CAM,8,5,3603,-1
veh5,3618,,3.62333,1,CAM,3,5,3618,-1
veh5,3617,,3.63008,1,CAM,7,5,3617,-1
veh5,3625,,3.63758,1,CAM,2,5,3625,-1
veh5,3665,,3.67258,1,CAM,9,5,3665,-1
veh5,3687,3.6879,,0,CAM,5,,3687,-1
veh5,3707,,3.70983,1,CAM,6,5,3707,-1
veh5,3703,,3.71933,1,CAM,8,5,3703,-1
veh5,3718,,3.72333,1,CAM,3,5,3718,-1
veh5,3717,,3.73008,1,CAM,7,5,3717,-1
veh5,3787,3.7879,,0,CAM,5,,3787,-1
veh5,3807,,3.80983,1,CAM,6,5,3807,-1
veh5,3803,,3.81558,1,CAM,8,5,3803,-1
veh5,3799,,3.81658,1,CAM,4,5,3799,-1
veh5,3818,,3.82333,1,CAM,3,5,3818,-1
veh5,3817,,3.83008,1,CAM,7,5,3817,-1
veh5,3825,,3.83758,1,CAM,2,5,3825,-1
veh5,3865,,3.87008,1,CAM,9,5,3865,-1
veh5,3887,3.8879,,0,CAM,5,,3887,-1
veh5,3907,,3.90983,1,CAM,6,5,3907,-1
veh5,3903,,3.91558,1,CAM,8,5,3903,-1
veh5,3917,,3.93008,1,CAM,7,5,3917,-1
veh5,3918,,3.93533,1,CAM,3,5,3918,-1
veh5,3987,3.9879,,0,CAM,5,,3987,-1
veh5,4007,,4.00983,1,CAM,6,5,4007,-1
veh5,3999,,4.01033,1,CAM,4,5,3999,-1
veh5,4003,,4.01558,1,CAM,8,5,4003,-1
veh5,4017,,4.03008,1,CAM,7,5,4017,-1
veh5,4025,,4.03508,1,CAM,2,5,4025,-1
veh5,4018,,4.03533,1,CAM,3,5,4018,-1
veh5,4065,,4.07008,1,CAM,9,5,4065,-1
veh5,4087,4.0879,,0,CAM,5,,4087,-1
veh5,4107,,4.10983,1,CAM,6,5,4107,-1
veh5,4103,,4.11558,1,CAM,8,5,4103,-1
veh5,4117,,4.12908,1,CAM,7,5,4117,-1
veh5,4118,,4.13533,1,CAM,3,5,4118,-1
veh5,4165,,4.17008,1,CAM,9,5,4165,-1
veh5,4187,4.1879,,0,CAM,5,,4187,-1
veh5,4199,,4.21033,1,CAM,4,5,4199,-1
veh5,4203,,4.21558,1,CAM,8,5,4203,-1
veh5,4207,,4.22258,1,CAM,6,5,4207,-1
veh5,4217,,4.22908,1,CAM,7,5,4217,-1
veh5,4225,,4.23508,1,CAM,2,5,4225,-1
veh5,4218,,4.23533,1,CAM,3,5,4218,-1
veh5,4265,,4.27008,1,CAM,9,5,4265,-1
veh5,4287,4.2879,,0,CAM,5,,4287,-1
veh5,4303,,4.31558,1,CAM,8,5,4303,-1
veh5,4307,,4.32258,1,CAM,6,5,4307,-1
veh5,4317,,4.32908,1,CAM,7,5,4317,-1
veh5,4318,,4.33533,1,CAM,3,5,4318,-1
veh5,4365,,4.37008,1,CAM,9,5,4365,-1
veh5,4387,4.3879,,0,CAM,5,,4387,-1
veh5,4403,,4.41558,1,CAM,8,5,4403,-1
veh5,4407,,4.42258,1,CAM,6,5,4407,-1
veh5,4417,,4.42908,1,CAM,7,5,4417,-1
veh5,4425,,4.43508,1,CAM,2,5,4425,-1
veh5,4418,,4.43533,1,CAM,3,5,4418,-1
veh5,4465,,4.47008,1,CAM,9,5,4465,-1
veh5,4487,4.4879,,0,CAM,5,,4487,-1
veh5,4511,,4.51483,1,CAM,10,5,4511,-1
veh5,4503,,4.51558,1,CAM,8,5,4503,-1
veh5,4507,,4.52258,1,CAM,6,5,4507,-1
veh5,4517,,4.52908,1,CAM,7,5,4517,-1
veh5,4518,,4.53533,1,CAM,3,5,4518,-1
veh5,4565,,4.57008,1,CAM,9,5,4565,-1
veh5,4587,4.5879,,0,CAM,5,,4587,-1
veh5,4611,,4.61483,1,CAM,10,5,4611,-1
veh5,4607,,4.62258,1,CAM,6,5,4607,-1
veh5,4617,,4.62908,1,CAM,7,5,4617,-1
veh5,4625,,4.63508,1,CAM,2,5,4625,-1
veh5,4618,,4.63533,1,CAM,3,5,4618,-1
veh5,4665,,4.67558,1,CAM,9,5,4665,-1
veh5,4667,,4.68183,1,CAM,11,5,4667,-1
veh5,4687,4.6879,,0,CAM,5,,4687,-1
veh5,4711,,4.71483,1,CAM,10,5,4711,-1
veh5,4707,,4.72258,1,CAM,6,5,4707,-1
veh5,4718,,4.73533,1,CAM,3,5,4718,-1
veh5,4787,4.7879,,0,CAM,5,,4787,-1
veh5,4807,,4.82258,1,CAM,6,5,4807,-1
veh5,4811,,4.82908,1,CAM,10,5,4811,-1
veh5,4825,,4.83508,1,CAM,2,5,4825,-1
veh5,4818,,4.83533,1,CAM,3,5,4818,-1
veh5,4867,,4.88183,1,CAM,11,5,4867,-1
veh5,4887,4.8879,,0,CAM,5,,4887,-1
veh5,4903,,4.91458,1,CAM,8,5,4903,-1
veh5,4907,,4.92258,1,CAM,6,5,4907,-1
veh5,4911,,4.92908,1,CAM,10,5,4911,-1
veh5,4918,,4.93533,1,CAM,3,5,4918,-1
veh5,4965,,4.97558,1,CAM,9,5,4965,-1
veh5,4987,4.9879,,0,CAM,5,,4987,-1
veh5,5011,,5.02908,1,CAM,10,5,5011,-1
veh5,5017,,5.02908,1,CAM,7,5,5017,-1
veh5,5025,,5.03508,1,CAM,2,5,5025,-1
veh5,5067,,5.08183,1,CAM,11,5,5067,-1
veh5,5111,,5.12908,1,CAM,10,5,5111,-1
veh5,5167,,5.18183,1,CAM,11,5,5167,-1
veh5,5199,,5.21033,1,CAM,4,5,5199,-1
veh5,5211,,5.22908,1,CAM,10,5,5211,-1
veh5,5225,,5.23383,1,CAM,2,5,5225,-1
veh5,5265,,5.26608,1,CAM,9,5,5265,-1
veh5,5267,,5.28183,1,CAM,11,5,5267,-1
veh5,5295,,5.30283,1,CAM,12,5,5295,-1
veh5,5307,,5.32258,1,CAM,6,5,5307,-1
veh5,5311,,5.32908,1,CAM,10,5,5311,-1
veh5,5318,,5.33783,1,CAM,3,5,5318,-1
veh5,5367,,5.38183,1,CAM,11,5,5367,-1
veh5,5387,5.3879,,0,CAM,5,,5387,-1
veh5,5417,,5.42758,1,CAM,7,5,5417,-1
veh5,5411,,5.42908,1,CAM,10,5,5411,-1
veh5,5425,,5.43383,1,CAM,2,5,5425,-1
veh5,5467,,5.48183,1,CAM,11,5,5467,-1
veh5,5499,,5.50633,1,CAM,4,5,5499,-1
veh5,5403,,5.51458,1,CAM,8,5,5403,-1
veh5,5503,,5.51458,1,CAM,8,5,5503,-1
veh5,5507,,5.52258,1,CAM,6,5,5507,-1
veh5,5511,,5.52908,1,CAM,10,5,5511,-1
veh5,5565,,5.56608,1,CAM,9,5,5565,-1
veh5,5567,,5.58183,1,CAM,11,5,5567,-1
veh5,5595,,5.61383,1,CAM,12,5,5595,-1
veh5,5603,,5.61458,1,CAM,8,5,5603,-1
veh5,5611,,5.62908,1,CAM,10,5,5611,-1
veh5,5625,,5.63383,1,CAM,2,5,5625,-1
veh5,5667,,5.67508,1,CAM,11,5,5667,-1
veh5,5703,,5.71458,1,CAM,8,5,5703,-1
veh5,5707,,5.71508,1,CAM,6,5,5707,-1
veh5,5711,,5.72908,1,CAM,10,5,5711,-1
veh5,5718,,5.73783,1,CAM,3,5,5718,-1
veh5,5767,,5.77508,1,CAM,11,5,5767,-1
veh5,5787,5.7879,,0,CAM,5,,5787,-1
veh5,5799,,5.80633,1,CAM,4,5,5799,-1
veh5,5803,,5.81458,1,CAM,8,5,5803,-1
veh5,5807,,5.81508,1,CAM,6,5,5807,-1
veh5,5817,,5.82758,1,CAM,7,5,5817,-1
veh5,5811,,5.82908,1,CAM,10,5,5811,-1
veh5,5825,,5.83383,1,CAM,2,5,5825,-1
veh5,5865,,5.86833,1,CAM,9,5,5865,-1
veh5,5867,,5.87508,1,CAM,11,5,5867,-1
veh5,5895,,5.91383,1,CAM,12,5,5895,-1
veh5,5903,,5.91458,1,CAM,8,5,5903,-1
veh5,5907,,5.91508,1,CAM,6,5,5907,-1
veh5,5911,,5.92908,1,CAM,10,5,5911,-1
veh5,5965,,5.96833,1,CAM,9,5,5965,-1
veh5,5967,,5.97508,1,CAM,11,5,5967,-1
veh5,6003,,6.01458,1,CAM,8,5,6003,-1
veh5,6007,,6.01508,1,CAM,6,5,6007,-1
veh5,6017,,6.02758,1,CAM,7,5,6017,-1
veh5,6025,,6.03383,1,CAM,2,5,6025,-1
veh5,6065,,6.06833,1,CAM,9,5,6065,-1
veh5,6099,,6.10633,1,CAM,4,5,6099,-1
veh5,6103,,6.11458,1,CAM,8,5,6103,-1
veh5,6107,,6.11508,1,CAM,6,5,6107,-1
veh5,6125,,6.13383,1,CAM,2,5,6125,-1
veh5,6118,,6.13783,1,CAM,3,5,6118,-1
veh5,6165,,6.16833,1,CAM,9,5,6165,-1
veh5,6167,,6.17508,1,CAM,11,5,6167,-1
veh5,6187,6.1879,,0,CAM,5,,6187,-1
veh5,6199,,6.20633,1,CAM,4,5,6199,-1
veh5,6203,,6.21358,1,CAM,8,5,6203,-1
veh5,6207,,6.21508,1,CAM,6,5,6207,-1
veh5,6217,,6.22183,1,CAM,7,5,6217,-1
veh5,6225,,6.23383,1,CAM,2,5,6225,-1
veh5,6265,,6.26833,1,CAM,9,5,6265,-1
veh5,6299,,6.30633,1,CAM,4,5,6299,-1
veh5,6307,,6.31508,1,CAM,6,5,6307,-1
veh5,6325,,6.33058,1,CAM,2,5,6325,-1
veh5,6311,,6.33158,1,CAM,10,5,6311,-1
veh5,6365,,6.36833,1,CAM,9,5,6365,-1
veh5,6367,,6.37508,1,CAM,11,5,6367,-1
veh5,6399,,6.40633,1,CAM,4,5,6399,-1
veh5,6403,,6.41358,1,CAM,8,5,6403,-1
veh5,6417,,6.42183,1,CAM,7,5,6417,-1
veh5,6425,,6.43058,1,CAM,2,5,6425,-1
veh5,6411,,6.43158,1,CAM,10,5,6411,-1
veh5,6465,,6.46833,1,CAM,9,5,6465,-1
veh5,6525,,6.53058,1,CAM,2,5,6525,-1
veh5,6511,,6.53158,1,CAM,10,5,6511,-1
veh5,6518,,6.53183,1,CAM,3,5,6518,-1
veh5,6567,,6.57508,1,CAM,11,5,6567,-1
veh5,6587,6.5879,,0,CAM,5,,6587,-1
veh5,6495,,6.60208,1,CAM,12,5,6495,-1
veh5,6595,,6.60208,1,CAM,12,5,6595,-1
veh5,6603,,6.61358,1,CAM,8,5,6603,-1
veh5,6617,,6.62183,1,CAM,7,5,6617,-1
veh5,6625,,6.63058,1,CAM,2,5,6625,-1
veh5,6611,,6.63158,1,CAM,10,5,6611,-1
veh5,6695,,6.70083,1,CAM,12,5,6695,-1
veh5,6707,,6.71508,1,CAM,6,5,6707,-1
veh5,6725,,6.73058,1,CAM,2,5,6725,-1
veh5,6711,,6.73158,1,CAM,10,5,6711,-1
veh5,6765,,6.76833,1,CAM,9,5,6765,-1
veh5,6767,,6.77133,1,CAM,11,5,6767,-1
veh5,6795,,6.80083,1,CAM,12,5,6795,-1
veh5,6803,,6.81358,1,CAM,8,5,6803,-1
veh5,6817,,6.82183,1,CAM,7,5,6817,-1
veh5,6811,,6.83158,1,CAM,10,5,6811,-1
veh5,6825,,6.83358,1,CAM,2,5,6825,-1
veh5,6895,,6.90083,1,CAM,12,5,6895,-1
veh5,6917,,6.92183,1,CAM,7,5,6917,-1
veh5,6918,,6.93133,1,CAM,3,5,6918,-1
veh5,6925,,6.93358,1,CAM,2,5,6925,-1
veh5,6987,6.9879,,0,CAM,5,,6987,-1
veh5,6995,,7.00083,1,CAM,12,5,6995,-1
veh5,7003,,7.01358,1,CAM,8,5,7003,-1
veh5,7017,,7.02183,1,CAM,7,5,7017,-1
veh5,7025,,7.03358,1,CAM,2,5,7025,-1
veh5,7065,,7.08008,1,CAM,9,5,7065,-1
veh5,7095,,7.10083,1,CAM,12,5,7095,-1
veh5,7099,,7.10233,1,CAM,4,5,7099,-1
veh5,7107,,7.12383,1,CAM,6,5,7107,-1
veh5,7117,,7.12433,1,CAM,7,5,7117,-1
veh5,7125,,7.13358,1,CAM,2,5,7125,-1
veh5,7167,,7.17133,1,CAM,11,5,7167,-1
veh5,7211,,7.22158,1,CAM,10,5,7211,-1
veh5,7217,,7.22433,1,CAM,7,5,7217,-1
veh5,7225,,7.23358,1,CAM,2,5,7225,-1
veh5,7299,,7.30233,1,CAM,4,5,7299,-1
veh5,7317,,7.32433,1,CAM,7,5,7317,-1
veh5,7318,,7.33133,1,CAM,3,5,7318,-1
veh5,7325,,7.33358,1,CAM,2,5,7325,-1
veh5,7365,,7.38008,1,CAM,9,5,7365,-1
veh5,7387,7.3879,,0,CAM,5,,7387,-1
veh5,7395,,7.40083,1,CAM,12,5,7395,-1
veh5,7403,,7.41033,1,CAM,8,5,7403,-1
veh5,7417,,7.42433,1,CAM,7,5,7417,-1
veh5,7425,,7.43358,1,CAM,2,5,7425,-1
veh5,7467,,7.47133,1,CAM,11,5,7467,-1
veh5,7499,,7.50233,1,CAM,4,5,7499,-1
veh5,7507,,7.52383,1,CAM,6,5,7507,-1
veh5,7517,,7.52433,1,CAM,7,5,7517,-1
veh5,7525,,7.53358,1,CAM,2,5,7525,-1
veh5,7567,,7.57133,1,CAM,11,5,7567,-1
veh5,7611,,7.62158,1,CAM,10,5,7611,-1
veh5,7617,,7.62433,1,CAM,7,5,7617,-1
veh5,7625,,7.63358,1,CAM,2,5,7625,-1
veh5,7667,,7.66983,1,CAM,11,5,7667,-1
veh5,7665,,7.68008,1,CAM,9,5,7665,-1
veh5,7695,,7.70083,1,CAM,12,5,7695,-1
veh5,7699,,7.70233,1,CAM,4,5,7699,-1
veh5,7718,,7.73133,1,CAM,3,5,7718,-1
veh5,7725,,7.73358,1,CAM,2,5,7725,-1
veh5,7767,,7.76983,1,CAM,11,5,7767,-1
veh5,7787,7.7879,,0,CAM,5,,7787,-1
veh5,7803,,7.81033,1,CAM,8,5,7803,-1
veh5,7811,,7.82158,1,CAM,10,5,7811,-1
veh5,7825,,7.83358,1,CAM,2,5,7825,-1
veh5,7867,,7.86983,1,CAM,11,5,7867,-1
veh5,7899,,7.90283,1,CAM,4,5,7899,-1
veh5,7907,,7.91483,1,CAM,6,5,7907,-1
veh5,7925,,7.92733,1,CAM,2,5,7925,-1
veh5,7967,,7.96983,1,CAM,11,5,7967,-1
veh5,7965,,7.97708,1,CAM,9,5,7965,-1
veh5,7995,,8.01158,1,CAM,12,5,7995,-1
veh5,8017,,8.02433,1,CAM,7,5,8017,-1
veh5,8025,,8.02733,1,CAM,2,5,8025,-1
veh5,8011,,8.03083,1,CAM,10,5,8011,-1
veh5,8067,,8.06983,1,CAM,11,5,8067,-1
veh5,8065,,8.07708,1,CAM,9,5,8065,-1
veh5,8099,,8.10283,1,CAM,4,5,8099,-1
veh5,8125,,8.12733,1,CAM,2,5,8125,-1
veh5,8118,,8.13133,1,CAM,3,5,8118,-1
veh5,8165,,8.17708,1,CAM,9,5,8165,-1
veh5,8187,8.1879,,0,CAM,5,,8187,-1
veh5,8203,,8.21033,1,CAM,8,5,8203,-1
veh5,8195,,8.21158,1,CAM,12,5,8195,-1
veh5,8225,,8.22733,1,CAM,2,5,8225,-1
veh5,8211,,8.23083,1,CAM,10,5,8211,-1
veh5,8267,,8.26983,1,CAM,11,5,8267,-1
veh5,8265,,8.27708,1,CAM,9,5,8265,-1
veh5,8299,,8.30283,1,CAM,4,5,8299,-1
veh5,8303,,8.31033,1,CAM,8,5,8303,-1
veh5,8295,,8.31158,1,CAM,12,5,8295,-1
veh5,8307,,8.31483,1,CAM,6,5,8307,-1
veh5,8325,,8.32733,1,CAM,2,5,8325,-1
veh5,8365,,8.37708,1,CAM,9,5,8365,-1
veh5,8403,,8.41033,1,CAM,8,5,8403,-1
veh5,8395,,8.41158,1,CAM,12,5,8395,-1
veh5,8417,,8.41983,1,CAM,7,5,8417,-1
veh5,8425,,8.42733,1,CAM,2,5,8425,-1
veh5,8411,,8.43083,1,CAM,10,5,8411,-1
veh5,8467,,8.46983,1,CAM,11,5,8467,-1
veh5,8465,,8.47708,1,CAM,9,5,8465,-1
veh5,8499,,8.50283,1,CAM,4,5,8499,-1
veh5,8503,,8.50733,1,CAM,8,5,8503,-1
veh5,8495,,8.51158,1,CAM,12,5,8495,-1
veh5,8518,,8.52683,1,CAM,3,5,8518,-1
veh5,8525,,8.52733,1,CAM,2,5,8525,-1
veh5,8565,,8.57708,1,CAM,9,5,8565,-1
veh5,8587,8.5879,,0,CAM,5,,8587,-1
veh5,8603,,8.60733,1,CAM,8,5,8603,-1
veh5,8595,,8.61158,1,CAM,12,5,8595,-1
veh5,8625,,8.62733,1,CAM,2,5,8625,-1
veh5,8611,,8.63083,1,CAM,10,5,8611,-1
veh5,8667,,8.66983,1,CAM,11,5,8667,-1
veh5,8699,,8.70283,1,CAM,4,5,8699,-1
veh5,8703,,8.70733,1,CAM,8,5,8703,-1
veh5,8695,,8.71158,1,CAM,12,5,8695,-1
veh5,8707,,8.71683,1,CAM,6,5,8707,-1
veh5,8725,,8.72733,1,CAM,2,5,8725,-1
veh5,8803,,8.80733,1,CAM,8,5,8803,-1
veh5,8811,,8.81733,1,CAM,10,5,8811,-1
veh5,8817,,8.81983,1,CAM,7,5,8817,-1
veh5,8825,,8.82733,1,CAM,2,5,8825,-1
veh5,8867,,8.86983,1,CAM,11,5,8867,-1
veh5,8865,,8.87708,1,CAM,9,5,8865,-1
veh5,8899,,8.90283,1,CAM,4,5,8899,-1
veh5,8903,,8.90733,1,CAM,8,5,8903,-1
veh5,8911,,8.91908,1,CAM,10,5,8911,-1
veh5,8918,,8.92683,1,CAM,3,5,8918,-1
veh5,8925,,8.92733,1,CAM,2,5,8925,-1
veh5,8987,8.9879,,0,CAM,5,,8987,-1
veh5,8995,,9.01158,1,CAM,12,5,8995,-1
veh5,9011,,9.01908,1,CAM,10,5,9011,-1
veh5,9025,,9.04433,1,CAM,2,5,9025,-1
veh5,9067,,9.07233,1,CAM,11,5,9067,-1
veh5,9099,,9.10158,1,CAM,4,5,9099,-1
veh5,9107,,9.11683,1,CAM,6,5,9107,-1
veh5,9111,,9.11908,1,CAM,10,5,9111,-1
veh5,9165,,9.17508,1,CAM,9,5,9165,-1
veh5,9211,,9.21908,1,CAM,10,5,9211,-1
veh5,9217,,9.22533,1,CAM,7,5,9217,-1
veh5,9267,,9.27233,1,CAM,11,5,9267,-1
veh5,9303,,9.30733,1,CAM,8,5,9303,-1
veh5,9295,,9.31058,1,CAM,12,5,9295,-1
veh5,9307,,9.31583,1,CAM,6,5,9307,-1
veh5,9311,,9.31908,1,CAM,10,5,9311,-1
veh5,9318,,9.32683,1,CAM,3,5,9318,-1
veh5,9387,9.3879,,0,CAM,5,,9387,-1
veh5,9417,,9.42533,1,CAM,7,5,9417,-1
veh5,9467,,9.47233,1,CAM,11,5,9467,-1
veh5,9465,,9.47508,1,CAM,9,5,9465,-1
veh5,9495,,9.51058,1,CAM,12,5,9495,-1
veh5,9507,,9.51583,1,CAM,6,5,9507,-1
veh5,9511,,9.51658,1,CAM,10,5,9511,-1
veh5,9603,,9.60733,1,CAM,8,5,9603,-1
veh5,9617,,9.62533,1,CAM,7,5,9617,-1
veh5,9667,,9.68683,1,CAM,11,5,9667,-1
veh5,9695,,9.71058,1,CAM,12,5,9695,-1
veh5,9707,,9.71583,1,CAM,6,5,9707,-1
veh5,9711,,9.71658,1,CAM,10,5,9711,-1
veh5,9718,,9.72683,1,CAM,3,5,9718,-1
veh5,9765,,9.77508,1,CAM,9,5,9765,-1
veh5,9767,,9.78683,1,CAM,11,5,9767,-1
veh5,9787,9.7879,,0,CAM,5,,9787,-1
veh5,9817,,9.82533,1,CAM,7,5,9817,-1
veh5,9867,,9.88683,1,CAM,11,5,9867,-1
veh5,9903,,9.90733,1,CAM,8,5,9903,-1
veh5,9895,,9.91058,1,CAM,12,5,9895,-1
veh5,9907,,9.91308,1,CAM,6,5,9907,-1
veh5,9911,,9.91658,1,CAM,10,5,9911,-1
veh5,9967,,9.98683,1,CAM,11,5,9967,-1
veh5,10017,,10.0253,1,CAM,7,5,10017,-1
veh5,10065,,10.0751,1,CAM,9,5,10065,-1
veh5,10067,,10.0868,1,CAM,11,5,10067,-1
veh5,10095,,10.1106,1,CAM,12,5,10095,-1
veh5,10107,,10.1131,1,CAM,6,5,10107,-1
veh5,10111,,10.1166,1,CAM,10,5,10111,-1
veh5,10118,,10.1223,1,CAM,3,5,10118,-1
veh5,10167,,10.1868,1,CAM,11,5,10167,-1
veh5,10187,10.1879,,0,CAM,5,,10187,-1
veh5,10203,,10.2071,1,CAM,8,5,10203,-1
veh5,10195,,10.2106,1,CAM,12,5,10195,-1
veh5,10217,,10.2356,1,CAM,7,5,10217,-1
veh5,10295,,10.3106,1,CAM,12,5,10295,-1
veh5,10307,,10.3131,1,CAM,6,5,10307,-1
veh5,10365,,10.3753,1,CAM,9,5,10365,-1
veh5,10395,,10.4106,1,CAM,12,5,10395,-1
veh5,10411,,10.4166,1,CAM,10,5,10411,-1
veh5,10467,,10.4868,1,CAM,11,5,10467,-1
veh5,10503,,10.5071,1,CAM,8,5,10503,-1
veh5,10495,,10.5078,1,CAM,12,5,10495,-1
veh5,10518,,10.5223,1,CAM,3,5,10518,-1
veh5,10587,10.5879,,0,CAM,5,,10587,-1
veh5,10617,,10.6356,1,CAM,7,5,10617,-1
veh5,10665,,10.6753,1,CAM,9,5,10665,-1
veh5,10707,,10.7131,1,CAM,6,5,10707,-1
veh5,10711,,10.7161,1,CAM,10,5,10711,-1
veh5,10767,,10.7861,1,CAM,11,5,10767,-1
veh5,10803,,10.8071,1,CAM,8,5,10803,-1
veh5,10811,,10.8161,1,CAM,10,5,10811,-1
veh5,10911,,10.9161,1,CAM,10,5,10911,-1
veh5,10918,,10.9221,1,CAM,3,5,10918,-1
veh5,10965,,10.9706,1,CAM,9,5,10965,-1
veh5,10987,10.9879,,0,CAM,5,,10987,-1
veh5,10895,,11.0078,1,CAM,12,5,10895,-1
veh5,11011,,11.0161,1,CAM,10,5,11011,-1
veh5,11017,,11.0356,1,CAM,7,5,11017,-1
veh5,11067,,11.0861,1,CAM,11,5,11067,-1
veh5,11103,,11.1071,1,CAM,8,5,11103,-1
veh5,11107,,11.1131,1,CAM,6,5,11107,-1
veh5,11111,,11.1161,1,CAM,10,5,11111,-1
veh5,11195,,11.2066,1,CAM,12,5,11195,-1
veh5,11211,,11.2161,1,CAM,10,5,11211,-1
veh5,11265,,11.2706,1,CAM,9,5,11265,-1
veh5,11311,,11.3161,1,CAM,10,5,11311,-1
veh5,11318,,11.3221,1,CAM,3,5,11318,-1
veh5,11367,,11.3861,1,CAM,11,5,11367,-1
veh5,11387,11.3879,,0,CAM,5,,11387,-1
veh5,11417,,11.4293,1,CAM,7,5,11417,-1
veh5,11495,,11.5066,1,CAM,12,5,11495,-1
veh5,11503,,11.5091,1,CAM,8,5,11503,-1
veh5,11507,,11.5121,1,CAM,6,5,11507,-1
veh5,11565,,11.5706,1,CAM,9,5,11565,-1
veh5,11611,,11.6161,1,CAM,10,5,11611,-1
veh5,11667,,11.6826,1,CAM,11,5,11667,-1
veh5,11687,11.6879,,0,CAM,5,,11687,-1
veh5,11718,,11.7221,1,CAM,3,5,11718,-1
veh5,11767,,11.7826,1,CAM,11,5,11767,-1
veh5,11795,,11.8016,1,CAM,12,5,11795,-1
veh5,11807,,11.8121,1,CAM,6,5,11807,-1
veh5,11817,,11.8293,1,CAM,7,5,11817,-1
veh5,11865,,11.8803,1,CAM,9,5,11865,-1
veh5,11867,,11.8826,1,CAM,11,5,11867,-1
veh5,11887,11.8879,,0,CAM,5,,11887,-1
veh5,11903,,11.9091,1,CAM,8,5,11903,-1
veh5,11911,,11.9193,1,CAM,10,5,11911,-1
veh5,11967,,11.9826,1,CAM,11,5,11967,-1
veh5,12067,,12.0826,1,CAM,11,5,12067,-1
veh5,12087,12.0879,,0,CAM,5,,12087,-1
veh5,12095,,12.1016,1,CAM,12,5,12095,-1
veh5,12107,,12.1121,1,CAM,6,5,12107,-1
veh5,12118,,12.1221,1,CAM,3,5,12118,-1
veh5,12117,,12.1293,1,CAM,7,5,12117,-1
veh5,12165,,12.1803,1,CAM,9,5,12165,-1
veh5,12167,,12.1826,1,CAM,11,5,12167,-1
veh5,12195,,12.2016,1,CAM,12,5,12195,-1
veh5,12203,,12.2091,1,CAM,8,5,12203,-1
veh5,12211,,12.2193,1,CAM,10,5,12211,-1
veh5,12267,,12.2826,1,CAM,11,5,12267,-1
veh5,12287,12.2879,,0,CAM,5,,12287,-1
veh5,12295,,12.3016,1,CAM,12,5,12295,-1
veh5,12307,,12.3121,1,CAM,6,5,12307,-1
veh5,12395,,12.4016,1,CAM,12,5,12395,-1
veh5,12417,,12.4293,1,CAM,7,5,12417,-1
veh5,12418,,12.4368,1,CAM,3,5,12418,-1
veh5,12465,,12.4803,1,CAM,9,5,12465,-1
veh5,12487,12.4879,,0,CAM,5,,12487,-1
veh5,12495,,12.5016,1,CAM,12,5,12495,-1
veh5,12503,,12.5103,1,CAM,8,5,12503,-1
veh5,12507,,12.5121,1,CAM,6,5,12507,-1
veh5,12511,,12.5143,1,CAM,10,5,12511,-1
veh5,12567,,12.5686,1,CAM,11,5,12567,-1
veh5,12595,,12.6081,1,CAM,12,5,12595,-1
veh5,12618,,12.6368,1,CAM,3,5,12618,-1
veh5,12687,12.6879,,0,CAM,5,,12687,-1
veh5,12695,,12.7081,1,CAM,12,5,12695,-1
veh5,12707,,12.7121,1,CAM,6,5,12707,-1
veh5,12717,,12.7293,1,CAM,7,5,12717,-1
veh5,12765,,12.7823,1,CAM,9,5,12765,-1
veh5,12803,,12.8103,1,CAM,8,5,12803,-1
veh5,12811,,12.8143,1,CAM,10,5,12811,-1
veh5,12818,,12.8368,1,CAM,3,5,12818,-1
veh5,12867,,12.8686,1,CAM,11,5,12867,-1
veh5,12887,12.8879,,0,CAM,5,,12887,-1
veh5,12907,,12.9106,1,CAM,6,5,12907,-1
veh5,12995,,13.0081,1,CAM,12,5,12995,-1
veh5,13017,,13.0308,1,CAM,7,5,13017,-1
veh5,13018,,13.0368,1,CAM,3,5,13018,-1
veh5,13065,,13.0823,1,CAM,9,5,13065,-1
veh5,13087,13.0879,,0,CAM,5,,13087,-1
veh5,13103,,13.1103,1,CAM,8,5,13103,-1
veh5,13107,,13.1106,1,CAM,6,5,13107,-1
veh5,13111,,13.1311,1,CAM,10,5,13111,-1
veh5,13167,,13.1686,1,CAM,11,5,13167,-1
veh5,13217,,13.2308,1,CAM,7,5,13217,-1
veh5,13218,,13.2368,1,CAM,3,5,13218,-1
veh5,13287,13.2879,,0,CAM,5,,13287,-1
veh5,13295,,13.3081,1,CAM,12,5,13295,-1
veh5,13307,,13.3106,1,CAM,6,5,13307,-1
veh5,13365,,13.3823,1,CAM,9,5,13365,-1
veh5,13403,,13.4063,1,CAM,8,5,13403,-1
veh5,13418,,13.4243,1,CAM,3,5,13418,-1
veh5,13417,,13.4308,1,CAM,7,5,13417,-1
veh5,13411,,13.4311,1,CAM,10,5,13411,-1
veh5,13467,,13.4686,1,CAM,11,5,13467,-1
veh5,13487,13.4879,,0,CAM,5,,13487,-1
veh5,13507,,13.5106,1,CAM,6,5,13507,-1
veh5,13565,,13.5823,1,CAM,9,5,13565,-1
veh5,13603,,13.6063,1,CAM,8,5,13603,-1
veh5,13595,,13.6081,1,CAM,12,5,13595,-1
veh5,13618,,13.6243,1,CAM,3,5,13618,-1
veh5,13617,,13.6308,1,CAM,7,5,13617,-1
veh5,13687,13.6879,,0,CAM,5,,13687,-1
veh5,13707,,13.7106,1,CAM,6,5,13707,-1
veh5,13711,,13.7311,1,CAM,10,5,13711,-1
veh5,13767,,13.7801,1,CAM,11,5,13767,-1
veh5,13765,,13.7823,1,CAM,9,5,13765,-1
veh5,13803,,13.8063,1,CAM,8,5,13803,-1
veh5,13818,,13.8243,1,CAM,3,5,13818,-1
veh5,13817,,13.8308,1,CAM,7,5,13817,-1
veh5,13887,13.8879,,0,CAM,5,,13887,-1
veh5,13895,,13.8966,1,CAM,12,5,13895,-1
veh5,13907,,13.9106,1,CAM,6,5,13907,-1
veh5,13965,,13.9818,1,CAM,9,5,13965,-1
veh5,14003,,14.0138,1,CAM,8,5,14003,-1
veh5,14018,,14.0243,1,CAM,3,5,14018,-1
veh5,14011,,14.0263,1,CAM,10,5,14011,-1
veh5,14017,,14.0308,1,CAM,7,5,14017,-1
veh5,14067,,14.0801,1,CAM,11,5,14067,-1
veh5,14087,14.0879,,0,CAM,5,,14087,-1
veh5,14107,,14.1106,1,CAM,6,5,14107,-1
veh5,14165,,14.1818,1,CAM,9,5,14165,-1
veh5,14195,,14.1966,1,CAM,12,5,14195,-1
veh5,14203,,14.2138,1,CAM,8,5,14203,-1
veh5,14218,,14.2243,1,CAM,3,5,14218,-1
veh5,14217,,14.2258,1,CAM,7,5,14217,-1
veh5,14287,14.2879,,0,CAM,5,,14287,-1
veh5,14307,,14.3138,1,CAM,6,5,14307,-1
veh5,14311,,14.3263,1,CAM,10,5,14311,-1
veh5,14367,,14.3801,1,CAM,11,5,14367,-1
veh5,14365,,14.3818,1,CAM,9,5,14365,-1
veh5,14403,,14.4138,1,CAM,8,5,14403,-1
veh5,14418,,14.4216,1,CAM,3,5,14418,-1
veh5,14417,,14.4258,1,CAM,7,5,14417,-1
veh5,14487,14.4879,,0,CAM,5,,14487,-1
veh5,14495,,14.4966,1,CAM,12,5,14495,-1
veh5,14507,,14.5138,1,CAM,6,5,14507,-1
veh5,14565,,14.5818,1,CAM,9,5,14565,-1
veh5,14603,,14.6123,1,CAM,8,5,14603,-1
veh5,14618,,14.6216,1,CAM,3,5,14618,-1
veh5,14617,,14.6258,1,CAM,7,5,14617,-1
veh5,14611,,14.6263,1,CAM,10,5,14611,-1
veh5,14667,,14.6801,1,CAM,11,5,14667,-1
veh5,14687,14.6879,,0,CAM,5,,14687,-1
veh5,14707,,14.7138,1,CAM,6,5,14707,-1
veh5,14765,,14.7818,1,CAM,9,5,14765,-1
veh5,14795,,14.7966,1,CAM,12,5,14795,-1
veh5,14818,,14.8216,1,CAM,3,5,14818,-1
veh5,14817,,14.8258,1,CAM,7,5,14817,-1
veh5,14811,,14.8263,1,CAM,10,5,14811,-1
veh5,14887,14.8879,,0,CAM,5,,14887,-1
veh5,14903,,14.9123,1,CAM,8,5,14903,-1
veh5,14907,,14.9138,1,CAM,6,5,14907,-1
veh5,14965,,14.9773,1,CAM,9,5,14965,-1
veh5,14967,,14.9853,1,CAM,11,5,14967,-1
veh5,15017,,15.0258,1,CAM,7,5,15017,-1
veh5,15011,,15.0263,1,CAM,10,5,15011,-1
veh5,15018,,15.0368,1,CAM,3,5,15018,-1
veh5,15087,15.0879,,0,CAM,5,,15087,-1
veh5,15095,,15.0983,1,CAM,12,5,15095,-1
veh5,15107,,15.1101,1,CAM,6,5,15107,-1
veh5,15165,,15.1773,1,CAM,9,5,15165,-1
veh5,15167,,15.1853,1,CAM,11,5,15167,-1
veh5,15203,,15.2168,1,CAM,8,5,15203,-1
veh5,15217,,15.2258,1,CAM,7,5,15217,-1
veh5,15211,,15.2263,1,CAM,10,5,15211,-1
veh5,15218,,15.2368,1,CAM,3,5,15218,-1
veh5,15287,15.2879,,0,CAM,5,,15287,-1
veh5,15295,,15.2983,1,CAM,12,5,15295,-1
veh5,15307,,15.3101,1,CAM,6,5,15307,-1
veh5,15365,,15.3783,1,CAM,9,5,15365,-1
veh5,15367,,15.3853,1,CAM,11,5,15367,-1
veh5,15403,,15.4168,1,CAM,8,5,15403,-1
veh5,15417,,15.4258,1,CAM,7,5,15417,-1
veh5,15411,,15.4301,1,CAM,10,5,15411,-1
veh5,15418,,15.4368,1,CAM,3,5,15418,-1
veh5,15487,15.4879,,0,CAM,5,,15487,-1
veh5,15495,,15.4983,1,CAM,12,5,15495,-1
veh5,15507,,15.5101,1,CAM,6,5,15507,-1
veh5,15565,,15.5783,1,CAM,9,5,15565,-1
veh5,15567,,15.5853,1,CAM,11,5,15567,-1
veh5,15603,,15.6168,1,CAM,8,5,15603,-1
veh5,15617,,15.6223,1,CAM,7,5,15617,-1
veh5,15611,,15.6301,1,CAM,10,5,15611,-1
veh5,15618,,15.6368,1,CAM,3,5,15618,-1
veh5,15687,15.6879,,0,CAM,5,,15687,-1
veh5,15695,,15.6983,1,CAM,12,5,15695,-1
veh5,15707,,15.7101,1,CAM,6,5,15707,-1
veh5,15765,,15.7783,1,CAM,9,5,15765,-1
veh5,15767,,15.7853,1,CAM,11,5,15767,-1
veh5,15803,,15.8168,1,CAM,8,5,15803,-1
veh5,15817,,15.8223,1,CAM,7,5,15817,-1
veh5,15811,,15.8301,1,CAM,10,5,15811,-1
veh5,15818,,15.8331,1,CAM,3,5,15818,-1
veh5,15887,15.8879,,0,CAM,5,,15887,-1
veh5,15895,,15.8966,1,CAM,12,5,15895,-1
veh5,15907,,15.9103,1,CAM,6,5,15907,-1
veh5,15965,,15.9783,1,CAM,9,5,15965,-1
veh5,15967,,15.9853,1,CAM,11,5,15967,-1
veh5,16003,,16.0168,1,CAM,8,5,16003,-1
veh5,16017,,16.0223,1,CAM,7,5,16017,-1
veh5,16011,,16.0301,1,CAM,10,5,16011,-1
veh5,16018,,16.0331,1,CAM,3,5,16018,-1
veh5,16087,16.0879,,0,CAM,5,,16087,-1
veh5,16095,,16.0966,1,CAM,12,5,16095,-1
veh5,16107,,16.1103,1,CAM,6,5,16107,-1
veh5,16165,,16.1783,1,CAM,9,5,16165,-1
veh5,16167,,16.1813,1,CAM,11,5,16167,-1
veh5,16203,,16.2051,1,CAM,8,5,16203,-1
veh5,16217,,16.2223,1,CAM,7,5,16217,-1
veh5,16211,,16.2301,1,CAM,10,5,16211,-1
veh5,16218,,16.2331,1,CAM,3,5,16218,-1
veh5,16287,16.2879,,0,CAM,5,,16287,-1
veh5,16295,,16.2966,1,CAM,12,5,16295,-1
veh5,16307,,16.3103,1,CAM,6,5,16307,-1
veh5,16365,,16.3751,1,CAM,9,5,16365,-1
veh5,16367,,16.3813,1,CAM,11,5,16367,-1
veh5,16403,,16.4051,1,CAM,8,5,16403,-1
veh5,16417,,16.4258,1,CAM,7,5,16417,-1
veh5,16411,,16.4301,1,CAM,10,5,16411,-1
veh5,16418,,16.4331,1,CAM,3,5,16418,-1
veh5,16487,16.4879,,0,CAM,5,,16487,-1
veh5,16495,,16.4966,1,CAM,12,5,16495,-1
veh5,16507,,16.5103,1,CAM,6,5,16507,-1
veh5,16565,,16.5751,1,CAM,9,5,16565,-1
veh5,16567,,16.5813,1,CAM,11,5,16567,-1
veh5,16603,,16.6051,1,CAM,8,5,16603,-1
veh5,16617,,16.6258,1,CAM,7,5,16617,-1
veh5,16611,,16.6301,1,CAM,10,5,16611,-1
veh5,16618,,16.6331,1,CAM,3,5,16618,-1
veh5,16687,16.6879,,0,CAM,5,,16687,-1
veh5,16695,,16.6966,1,CAM,12,5,16695,-1
veh5,16707,,16.7103,1,CAM,6,5,16707,-1
veh5,16765,,16.7751,1,CAM,9,5,16765,-1
veh5,16767,,16.7813,1,CAM,11,5,16767,-1
veh5,16803,,16.8051,1,CAM,8,5,16803,-1
veh5,16817,,16.8258,1,CAM,7,5,16817,-1
veh5,16811,,16.8291,1,CAM,10,5,16811,-1
veh5,16818,,16.8331,1,CAM,3,5,16818,-1
veh5,16887,16.8879,,0,CAM,5,,16887,-1
veh5,16895,,16.9133,1,CAM,12,5,16895,-1
veh5,16907,,16.9231,1,CAM,6,5,16907,-1
veh5,16965,,16.9751,1,CAM,9,5,16965,-1
veh5,16967,,16.9813,1,CAM,11,5,16967,-1
veh5,17003,,17.0088,1,CAM,8,5,17003,-1
veh5,17017,,17.0258,1,CAM,7,5,17017,-1
veh5,17011,,17.0291,1,CAM,10,5,17011,-1
veh5,17018,,17.0331,1,CAM,3,5,17018,-1
veh5,17087,17.0879,,0,CAM,5,,17087,-1
veh5,17095,,17.1133,1,CAM,12,5,17095,-1
veh5,17107,,17.1231,1,CAM,6,5,17107,-1
veh5,17165,,17.1751,1,CAM,9,5,17165,-1
veh5,17167,,17.1813,1,CAM,11,5,17167,-1
veh5,17203,,17.2088,1,CAM,8,5,17203,-1
veh5,17217,,17.2243,1,CAM,7,5,17217,-1
veh5,17211,,17.2291,1,CAM,10,5,17211,-1
veh5,17218,,17.2318,1,CAM,3,5,17218,-1
veh5,17287,17.2879,,0,CAM,5,,17287,-1
veh5,17307,,17.3091,1,CAM,6,5,17307,-1
veh5,17295,,17.3133,1,CAM,12,5,17295,-1
veh5,17365,,17.3751,1,CAM,9,5,17365,-1
veh5,17367,,17.3816,1,CAM,11,5,17367,-1
veh5,17403,,17.4088,1,CAM,8,5,17403,-1
veh5,17417,,17.4243,1,CAM,7,5,17417,-1
veh5,17411,,17.4291,1,CAM,10,5,17411,-1
veh5,17418,,17.4318,1,CAM,3,5,17418,-1
veh5,17487,17.4879,,0,CAM,5,,17487,-1
veh5,17507,,17.5091,1,CAM,6,5,17507,-1
veh5,17495,,17.5133,1,CAM,12,5,17495,-1
veh5,17565,,17.5751,1,CAM,9,5,17565,-1
veh5,17567,,17.5816,1,CAM,11,5,17567,-1
veh5,17603,,17.6088,1,CAM,8,5,17603,-1
veh5,17617,,17.6243,1,CAM,7,5,17617,-1
veh5,17611,,17.6248,1,CAM,10,5,17611,-1
veh5,17618,,17.6318,1,CAM,3,5,17618,-1
veh5,17687,17.6879,,0,CAM,5,,17687,-1
veh5,17707,,17.7091,1,CAM,6,5,17707,-1
veh5,17695,,17.7133,1,CAM,12,5,17695,-1
veh5,17765,,17.7751,1,CAM,9,5,17765,-1
veh5,17767,,17.7816,1,CAM,11,5,17767,-1
veh5,17803,,17.8088,1,CAM,8,5,17803,-1
veh5,17817,,17.8243,1,CAM,7,5,17817,-1
veh5,17811,,17.8248,1,CAM,10,5,17811,-1
veh5,17818,,17.8318,1,CAM,3,5,17818,-1
veh5,17887,17.8879,,0,CAM,5,,17887,-1
veh5,17907,,17.9091,1,CAM,6,5,17907,-1
veh5,17895,,17.9133,1,CAM,12,5,17895,-1
veh5,17965,,17.9751,1,CAM,9,5,17965,-1
veh5,17967,,17.9816,1,CAM,11,5,17967,-1
veh5,18003,,18.0038,1,CAM,8,5,18003,-1
veh5,18017,,18.0193,1,CAM,7,5,18017,-1
veh5,18011,,18.0248,1,CAM,10,5,18011,-1
veh5,18018,,18.0318,1,CAM,3,5,18018,-1
veh5,18087,18.0879,,0,CAM,5,,18087,-1
veh5,18107,,18.1091,1,CAM,6,5,18107,-1
veh5,18095,,18.1133,1,CAM,12,5,18095,-1
veh5,18167,,18.1688,1,CAM,11,5,18167,-1
veh5,18165,,18.1798,1,CAM,9,5,18165,-1
veh5,18203,,18.2038,1,CAM,8,5,18203,-1
veh5,18217,,18.2193,1,CAM,7,5,18217,-1
veh5,18211,,18.2248,1,CAM,10,5,18211,-1
veh5,18218,,18.2248,1,CAM,3,5,18218,-1
veh5,18287,18.2879,,0,CAM,5,,18287,-1
veh5,18307,,18.3091,1,CAM,6,5,18307,-1
veh5,18295,,18.3101,1,CAM,12,5,18295,-1
veh5,18318,,18.3248,1,CAM,3,5,18318,-1
veh5,18367,,18.3688,1,CAM,11,5,18367,-1
veh5,18365,,18.3798,1,CAM,9,5,18365,-1
veh5,18403,,18.4038,1,CAM,8,5,18403,-1
veh5,18417,,18.4193,1,CAM,7,5,18417,-1
veh5,18411,,18.4248,1,CAM,10,5,18411,-1
veh5,18418,,18.4248,1,CAM,3,5,18418,-1
veh5,18487,18.4879,,0,CAM,5,,18487,-1
veh5,18507,,18.5091,1,CAM,6,5,18507,-1
veh5,18495,,18.5101,1,CAM,12,5,18495,-1
veh5,18518,,18.5248,1,CAM,3,5,18518,-1
veh5,18567,,18.5688,1,CAM,11,5,18567,-1
veh5,18565,,18.5798,1,CAM,9,5,18565,-1
veh5,18603,,18.6038,1,CAM,8,5,18603,-1
veh5,18617,,18.6193,1,CAM,7,5,18617,-1
veh5,18611,,18.6248,1,CAM,10,5,18611,-1
veh5,18618,,18.6248,1,CAM,3,5,18618,-1
veh5,18687,18.6879,,0,CAM,5,,18687,-1
veh5,18695,,18.7101,1,CAM,12,5,18695,-1
veh5,18707,,18.7171,1,CAM,6,5,18707,-1
veh5,18718,,18.7248,1,CAM,3,5,18718,-1
veh5,18767,,18.7688,1,CAM,11,5,18767,-1
veh5,18765,,18.7798,1,CAM,9,5,18765,-1
veh5,18803,,18.8038,1,CAM,8,5,18803,-1
veh5,18817,,18.8186,1,CAM,7,5,18817,-1
veh5,18811,,18.8248,1,CAM,10,5,18811,-1
veh5,18818,,18.8248,1,CAM,3,5,18818,-1
veh5,18887,18.8879,,0,CAM,5,,18887,-1
veh5,18895,,18.9053,1,CAM,12,5,18895,-1
veh5,18907,,18.9171,1,CAM,6,5,18907,-1
veh5,18967,,18.9688,1,CAM,11,5,18967,-1
veh5,18965,,18.9798,1,CAM,9,5,18965,-1
veh5,19003,,19.0041,1,CAM,8,5,19003,-1
veh5,19011,,19.0166,1,CAM,10,5,19011,-1
veh5,19017,,19.0186,1,CAM,7,5,19017,-1
veh5,19018,,19.0248,1,CAM,3,5,19018,-1
veh5,19087,19.0879,,0,CAM,5,,19087,-1
veh5,19095,,19.1053,1,CAM,12,5,19095,-1
veh5,19107,,19.1171,1,CAM,6,5,19107,-1
veh5,19167,,19.1688,1,CAM,11,5,19167,-1
veh5,19165,,19.1718,1,CAM,9,5,19165,-1
veh5,19203,,19.2041,1,CAM,8,5,19203,-1
veh5,19211,,19.2166,1,CAM,10,5,19211,-1
veh5,19217,,19.2186,1,CAM,7,5,19217,-1
veh5,19218,,19.2228,1,CAM,3,5,19218,-1
veh5,19287,19.2879,,0,CAM,5,,19287,-1
veh5,19295,,19.3053,1,CAM,12,5,19295,-1
veh5,19307,,19.3183,1,CAM,6,5,19307,-1
veh5,19367,,19.3688,1,CAM,11,5,19367,-1
veh5,19365,,19.3718,1,CAM,9,5,19365,-1
veh5,19403,,19.4041,1,CAM,8,5,19403,-1
veh5,19411,,19.4166,1,CAM,10,5,19411,-1
veh5,19417,,19.4186,1,CAM,7,5,19417,-1
veh5,19418,,19.4228,1,CAM,3,5,19418,-1
veh5,19487,19.4879,,0,CAM,5,,19487,-1
veh5,19495,,19.5053,1,CAM,12,5,19495,-1
veh5,19507,,19.5183,1,CAM,6,5,19507,-1
veh5,19565,,19.5718,1,CAM,9,5,19565,-1
veh5,19567,,19.5823,1,CAM,11,5,19567,-1
veh5,19587,19.5879,,0,CAM,5,,19587,-1
veh5,19611,,19.6166,1,CAM,10,5,19611,-1
veh5,19603,,19.6196,1,CAM,8,5,19603,-1
veh5,19618,,19.6228,1,CAM,3,5,19618,-1
veh5,19617,,19.6321,1,CAM,7,5,19617,-1
veh5,19687,19.6879,,0,CAM,5,,19687,-1
veh5,19695,,19.7053,1,CAM,12,5,19695,-1
veh5,19707,,19.7183,1,CAM,6,5,19707,-1
veh5,19765,,19.7676,1,CAM,9,5,19765,-1
veh5,19767,,19.7823,1,CAM,11,5,19767,-1
veh5,19787,19.7879,,0,CAM,5,,19787,-1
veh5,19811,,19.8166,1,CAM,10,5,19811,-1
veh5,19803,,19.8196,1,CAM,8,5,19803,-1
veh5,19818,,19.8228,1,CAM,3,5,19818,-1
veh5,19817,,19.8321,1,CAM,7,5,19817,-1
veh5,19887,19.8879,,0,CAM,5,,19887,-1
veh5,19895,,19.9098,1,CAM,12,5,19895,-1
veh5,19907,,19.9183,1,CAM,6,5,19907,-1
veh5,19918,,19.9231,1,CAM,3,5,19918,-1
veh5,19965,,19.9676,1,CAM,9,5,19965,-1
veh5,19967,,19.9823,1,CAM,11,5,19967,-1
veh5,19987,19.9879,,0,CAM,5,,19987,-1
veh5,20011,,20.0166,1,CAM,10,5,20011,-1
veh5,20003,,20.0196,1,CAM,8,5,20003,-1
veh5,20018,,20.0231,1,CAM,3,5,20018,-1
veh5,20017,,20.0321,1,CAM,7,5,20017,-1
veh5,20087,20.0879,,0,CAM,5,,20087,-1
veh5,20107,,20.1086,1,CAM,6,5,20107,-1
veh5,20095,,20.1098,1,CAM,12,5,20095,-1
veh5,20118,,20.1231,1,CAM,3,5,20118,-1
veh5,20165,,20.1676,1,CAM,9,5,20165,-1
veh5,20167,,20.1823,1,CAM,11,5,20167,-1
veh5,20211,,20.2166,1,CAM,10,5,20211,-1
veh5,20203,,20.2196,1,CAM,8,5,20203,-1
veh5,20218,,20.2231,1,CAM,3,5,20218,-1
veh5,20217,,20.2321,1,CAM,7,5,20217,-1
veh5,20287,20.2879,,0,CAM,5,,20287,-1
veh5,20295,,20.3006,1,CAM,12,5,20295,-1
veh5,20307,,20.3086,1,CAM,6,5,20307,-1
veh5,20318,,20.3231,1,CAM,3,5,20318,-1
veh5,20365,,20.3676,1,CAM,9,5,20365,-1
veh5,20367,,20.3851,1,CAM,11,5,20367,-1
veh5,20411,,20.4181,1,CAM,10,5,20411,-1
veh5,20403,,20.4196,1,CAM,8,5,20403,-1
veh5,20418,,20.4231,1,CAM,3,5,20418,-1
veh5,20417,,20.4321,1,CAM,7,5,20417,-1
veh5,20487,20.4879,,0,CAM,5,,20487,-1
veh5,20495,,20.5006,1,CAM,12,5,20495,-1
veh5,20507,,20.5086,1,CAM,6,5,20507,-1
veh5,20565,,20.5676,1,CAM,9,5,20565,-1
veh5,20567,,20.5851,1,CAM,11,5,20567,-1
veh5,20607,,20.6086,1,CAM,6,5,20607,-1
veh5,20611,,20.6181,1,CAM,10,5,20611,-1
veh5,20603,,20.6213,1,CAM,8,5,20603,-1
veh5,20617,,20.6311,1,CAM,7,5,20617,-1
veh5,20618,,20.6383,1,CAM,3,5,20618,-1
veh5,20687,20.6879,,0,CAM,5,,20687,-1
veh5,20695,,20.7006,1,CAM,12,5,20695,-1
veh5,20707,,20.7086,1,CAM,6,5,20707,-1
veh5,20765,,20.7676,1,CAM,9,5,20765,-1
veh5,20767,,20.7851,1,CAM,11,5,20767,-1
veh5,20807,,20.8086,1,CAM,6,5,20807,-1
veh5,20811,,20.8181,1,CAM,10,5,20811,-1
veh5,20803,,20.8213,1,CAM,8,5,20803,-1
veh5,20817,,20.8311,1,CAM,7,5,20817,-1
veh5,20818,,20.8383,1,CAM,3,5,20818,-1
veh5,20887,20.8879,,0,CAM,5,,20887,-1
veh5,20895,,20.9006,1,CAM,12,5,20895,-1
veh5,20907,,20.9086,1,CAM,6,5,20907,-1
veh5,20965,,20.9676,1,CAM,9,5,20965,-1
veh5,20967,,20.9793,1,CAM,11,5,20967,-1
veh5,21007,,21.0086,1,CAM,6,5,21007,-1
veh5,21011,,21.0181,1,CAM,10,5,21011,-1
veh5,21003,,21.0213,1,CAM,8,5,21003,-1
veh5,21017,,21.0311,1,CAM,7,5,21017,-1
veh5,21018,,21.0383,1,CAM,3,5,21018,-1
veh5,21065,,21.0703,1,CAM,9,5,21065,-1
veh5,21087,21.0879,,0,CAM,5,,21087,-1
veh5,21095,,21.1006,1,CAM,12,5,21095,-1
veh5,21165,,21.1703,1,CAM,9,5,21165,-1
veh5,21167,,21.1793,1,CAM,11,5,21167,-1
veh5,21187,21.1879,,0,CAM,5,,21187,-1
veh5,21207,,21.2106,1,CAM,6,5,21207,-1
veh5,21211,,21.2181,1,CAM,10,5,21211,-1
veh5,21218,,21.2196,1,CAM,3,5,21218,-1
veh5,21203,,21.2213,1,CAM,8,5,21203,-1
veh5,21217,,21.2311,1,CAM,7,5,21217,-1
veh5,21265,,21.2703,1,CAM,9,5,21265,-1
veh5,21287,21.2879,,0,CAM,5,,21287,-1
veh5,21295,,21.3063,1,CAM,12,5,21295,-1
veh5,21318,,21.3196,1,CAM,3,5,21318,-1
veh5,21365,,21.3703,1,CAM,9,5,21365,-1
veh5,21367,,21.3793,1,CAM,11,5,21367,-1
veh5,21387,21.3879,,0,CAM,5,,21387,-1
veh5,21407,,21.4106,1,CAM,6,5,21407,-1
veh5,21411,,21.4181,1,CAM,10,5,21411,-1
veh5,21418,,21.4196,1,CAM,3,5,21418,-1
veh5,21403,,21.4213,1,CAM,8,5,21403,-1
veh5,21417,,21.4291,1,CAM,7,5,21417,-1
veh5,21465,,21.4703,1,CAM,9,5,21465,-1
veh5,21487,21.4879,,0,CAM,5,,21487,-1
veh5,21495,,21.5063,1,CAM,12,5,21495,-1
veh5,21518,,21.5196,1,CAM,3,5,21518,-1
veh5,21517,,21.5291,1,CAM,7,5,21517,-1
veh5,21567,,21.5793,1,CAM,11,5,21567,-1
veh5,21587,21.5879,,0,CAM,5,,21587,-1
veh5,21607,,21.6106,1,CAM,6,5,21607,-1
veh5,21603,,21.6166,1,CAM,8,5,21603,-1
veh5,21611,,21.6181,1,CAM,10,5,21611,-1
veh5,21618,,21.6196,1,CAM,3,5,21618,-1
veh5,21617,,21.6291,1,CAM,7,5,21617,-1
veh5,21665,,21.6703,1,CAM,9,5,21665,-1
veh5,21687,21.6879,,0,CAM,5,,21687,-1
veh5,21695,,21.7063,1,CAM,12,5,21695,-1
veh5,21718,,21.7196,1,CAM,3,5,21718,-1
veh5,21717,,21.7291,1,CAM,7,5,21717,-1
veh5,21767,,21.7793,1,CAM,11,5,21767,-1
veh5,21787,21.7879,,0,CAM,5,,21787,-1
veh5,21807,,21.8106,1,CAM,6,5,21807,-1
veh5,21803,,21.8166,1,CAM,8,5,21803,-1
veh5,21818,,21.8196,1,CAM,3,5,21818,-1
veh5,21811,,21.8256,1,CAM,10,5,21811,-1
veh5,21817,,21.8291,1,CAM,7,5,21817,-1
veh5,21865,,21.8703,1,CAM,9,5,21865,-1
veh5,21895,,21.9063,1,CAM,12,5,21895,-1
veh5,21917,,21.9291,1,CAM,7,5,21917,-1
veh5,21967,,21.9793,1,CAM,11,5,21967,-1
veh5,21987,21.9879,,0,CAM,5,,21987,-1
veh5,22007,,22.0081,1,CAM,6,5,22007,-1
veh5,22003,,22.0166,1,CAM,8,5,22003,-1
veh5,22018,,22.0196,1,CAM,3,5,22018,-1
veh5,22011,,22.0256,1,CAM,10,5,22011,-1
veh5,22065,,22.0703,1,CAM,9,5,22065,-1
veh5,22095,,22.1063,1,CAM,12,5,22095,-1
veh5,22107,,22.1081,1,CAM,6,5,22107,-1
veh5,22117,,22.1291,1,CAM,7,5,22117,-1
veh5,22167,,22.1746,1,CAM,11,5,22167,-1
veh5,22187,22.1879,,0,CAM,5,,22187,-1
veh5,22207,,22.2081,1,CAM,6,5,22207,-1
veh5,22203,,22.2166,1,CAM,8,5,22203,-1
veh5,22218,,22.2196,1,CAM,3,5,22218,-1
veh5,22211,,22.2256,1,CAM,10,5,22211,-1
veh5,22265,,22.2671,1,CAM,9,5,22265,-1
veh5,22295,,22.3063,1,CAM,12,5,22295,-1
veh5,22307,,22.3081,1,CAM,6,5,22307,-1
veh5,22303,,22.3166,1,CAM,8,5,22303,-1
veh5,22317,,22.3211,1,CAM,7,5,22317,-1
veh5,22367,,22.3746,1,CAM,11,5,22367,-1
veh5,22387,22.3879,,0,CAM,5,,22387,-1
veh5,22407,,22.4081,1,CAM,6,5,22407,-1
veh5,22403,,22.4166,1,CAM,8,5,22403,-1
veh5,22411,,22.4256,1,CAM,10,5,22411,-1
veh5,22418,,22.4338,1,CAM,3,5,22418,-1
veh5,22465,,22.4671,1,CAM,9,5,22465,-1
veh5,22495,,22.5063,1,CAM,12,5,22495,-1
veh5,22507,,22.5081,1,CAM,6,5,22507,-1
veh5,22503,,22.5166,1,CAM,8,5,22503,-1
veh5,22517,,22.5211,1,CAM,7,5,22517,-1
veh5,22518,,22.5338,1,CAM,3,5,22518,-1
veh5,22565,,22.5671,1,CAM,9,5,22565,-1
veh5,22567,,22.5746,1,CAM,11,5,22567,-1
veh5,22587,22.5879,,0,CAM,5,,22587,-1
veh5,22607,,22.6081,1,CAM,6,5,22607,-1
veh5,22603,,22.6166,1,CAM,8,5,22603,-1
veh5,22611,,22.6256,1,CAM,10,5,22611,-1
veh5,22618,,22.6338,1,CAM,3,5,22618,-1
veh5,22665,,22.6671,1,CAM,9,5,22665,-1
veh5,22687,22.6879,,0,CAM,5,,22687,-1
veh5,22695,,22.7026,1,CAM,12,5,22695,-1
veh5,22703,,22.7166,1,CAM,8,5,22703,-1
veh5,22717,,22.7211,1,CAM,7,5,22717,-1
veh5,22718,,22.7338,1,CAM,3,5,22718,-1
veh5,22765,,22.7671,1,CAM,9,5,22765,-1
veh5,22767,,22.7746,1,CAM,11,5,22767,-1
veh5,22787,22.7879,,0,CAM,5,,22787,-1
veh5,22803,,22.8166,1,CAM,8,5,22803,-1
veh5,22807,,22.8191,1,CAM,6,5,22807,-1
veh5,22811,,22.8256,1,CAM,10,5,22811,-1
veh5,22818,,22.8338,1,CAM,3,5,22818,-1
veh5,22865,,22.8671,1,CAM,9,5,22865,-1
veh5,22887,22.8879,,0,CAM,5,,22887,-1
veh5,22895,,22.9026,1,CAM,12,5,22895,-1
veh5,22917,,22.9211,1,CAM,7,5,22917,-1
veh5,22918,,22.9338,1,CAM,3,5,22918,-1
veh5,22967,,22.9746,1,CAM,11,5,22967,-1
veh5,22965,,22.9853,1,CAM,9,5,22965,-1
veh5,22987,22.9879,,0,CAM,5,,22987,-1
veh5,23003,,23.0108,1,CAM,8,5,23003,-1
veh5,23007,,23.0191,1,CAM,6,5,23007,-1
veh5,23017,,23.0211,1,CAM,7,5,23017,-1
veh5,23011,,23.0256,1,CAM,10,5,23011,-1
veh5,23018,,23.0318,1,CAM,3,5,23018,-1
veh5,23065,,23.0853,1,CAM,9,5,23065,-1
veh5,23087,23.0879,,0,CAM,5,,23087,-1
veh5,23095,,23.1026,1,CAM,12,5,23095,-1
veh5,23117,,23.1211,1,CAM,7,5,23117,-1
veh5,23167,,23.1746,1,CAM,11,5,23167,-1
veh5,23165,,23.1853,1,CAM,9,5,23165,-1
veh5,23187,23.1879,,0,CAM,5,,23187,-1
veh5,23203,,23.2108,1,CAM,8,5,23203,-1
veh5,23211,,23.2173,1,CAM,10,5,23211,-1
veh5,23207,,23.2191,1,CAM,6,5,23207,-1
veh5,23217,,23.2211,1,CAM,7,5,23217,-1
veh5,23218,,23.2318,1,CAM,3,5,23218,-1
veh5,23295,,23.2988,1,CAM,12,5,23295,-1
veh5,23311,,23.3173,1,CAM,10,5,23311,-1
veh5,23317,,23.3186,1,CAM,7,5,23317,-1
veh5,23367,,23.3746,1,CAM,11,5,23367,-1
veh5,23365,,23.3853,1,CAM,9,5,23365,-1
veh5,23387,23.3879,,0,CAM,5,,23387,-1
veh5,23403,,23.4108,1,CAM,8,5,23403,-1
veh5,23411,,23.4173,1,CAM,10,5,23411,-1
veh5,23417,,23.4186,1,CAM,7,5,23417,-1
veh5,23407,,23.4191,1,CAM,6,5,23407,-1
veh5,23418,,23.4318,1,CAM,3,5,23418,-1
veh5,23495,,23.4988,1,CAM,12,5,23495,-1
veh5,23511,,23.5173,1,CAM,10,5,23511,-1
veh5,23517,,23.5186,1,CAM,7,5,23517,-1
veh5,23507,,23.5191,1,CAM,6,5,23507,-1
veh5,23567,,23.5701,1,CAM,11,5,23567,-1
veh5,23565,,23.5853,1,CAM,9,5,23565,-1
veh5,23587,23.5879,,0,CAM,5,,23587,-1
veh5,23603,,23.6108,1,CAM,8,5,23603,-1
veh5,23611,,23.6173,1,CAM,10,5,23611,-1
veh5,23607,,23.6191,1,CAM,6,5,23607,-1
veh5,23618,,23.6318,1,CAM,3,5,23618,-1
veh5,23695,,23.6988,1,CAM,12,5,23695,-1
veh5,23711,,23.7133,1,CAM,10,5,23711,-1
veh5,23717,,23.7186,1,CAM,7,5,23717,-1
veh5,23707,,23.7191,1,CAM,6,5,23707,-1
veh5,23767,,23.7701,1,CAM,11,5,23767,-1
veh5,23765,,23.7853,1,CAM,9,5,23765,-1
veh5,23787,23.7879,,0,CAM,5,,23787,-1
veh5,23803,,23.8108,1,CAM,8,5,23803,-1
veh5,23811,,23.8133,1,CAM,10,5,23811,-1
veh5,23807,,23.8251,1,CAM,6,5,23807,-1
veh5,23818,,23.8318,1,CAM,3,5,23818,-1
veh5,23887,23.8879,,0,CAM,5,,23887,-1
veh5,23895,,23.8988,1,CAM,12,5,23895,-1
veh5,23903,,23.9108,1,CAM,8,5,23903,-1
veh5,23917,,23.9186,1,CAM,7,5,23917,-1
veh5,23907,,23.9251,1,CAM,6,5,23907,-1
veh5,23967,,23.9701,1,CAM,11,5,23967,-1
veh5,23965,,23.9853,1,CAM,9,5,23965,-1
veh5,23987,23.9879,,0,CAM,5,,23987,-1
veh5,24003,,24.0108,1,CAM,8,5,24003,-1
veh5,24011,,24.0133,1,CAM,10,5,24011,-1
veh5,24007,,24.0251,1,CAM,6,5,24007,-1
veh5,24018,,24.0318,1,CAM,3,5,24018,-1
veh5,24065,,24.0853,1,CAM,9,5,24065,-1
veh5,24087,24.0879,,0,CAM,5,,24087,-1
veh5,24103,,24.1108,1,CAM,8,5,24103,-1
veh5,24095,,24.1143,1,CAM,12,5,24095,-1
veh5,24117,,24.1186,1,CAM,7,5,24117,-1
veh5,24118,,24.1318,1,CAM,3,5,24118,-1
veh5,24165,,24.1683,1,CAM,9,5,24165,-1
veh5,24167,,24.1701,1,CAM,11,5,24167,-1
veh5,24187,24.1879,,0,CAM,5,,24187,-1
veh5,24203,,24.2108,1,CAM,8,5,24203,-1
veh5,24211,,24.2133,1,CAM,10,5,24211,-1
veh5,24207,,24.2251,1,CAM,6,5,24207,-1
veh5,24218,,24.2338,1,CAM,3,5,24218,-1
veh5,24265,,24.2683,1,CAM,9,5,24265,-1
veh5,24267,,24.2701,1,CAM,11,5,24267,-1
veh5,24287,24.2879,,0,CAM,5,,24287,-1
veh5,24295,,24.3143,1,CAM,12,5,24295,-1
veh5,24317,,24.3186,1,CAM,7,5,24317,-1
veh5,24303,,24.3196,1,CAM,8,5,24303,-1
veh5,24318,,24.3338,1,CAM,3,5,24318,-1
veh5,24365,,24.3683,1,CAM,9,5,24365,-1
veh5,24367,,24.3701,1,CAM,11,5,24367,-1
veh5,24411,,24.4133,1,CAM,10,5,24411,-1
veh5,24407,,24.4136,1,CAM,6,5,24407,-1
veh5,24403,,24.4196,1,CAM,8,5,24403,-1
veh5,24418,,24.4338,1,CAM,3,5,24418,-1
veh5,24465,,24.4683,1,CAM,9,5,24465,-1
veh5,24467,,24.4701,1,CAM,11,5,24467,-1
veh5,24487,24.4879,,0,CAM,5,,24487,-1
veh5,24495,,24.5143,1,CAM,12,5,24495,-1
veh5,24517,,24.5328,1,CAM,7,5,24517,-1
veh5,24518,,24.5338,1,CAM,3,5,24518,-1
veh5,24567,,24.5791,1,CAM,11,5,24567,-1
veh5,24611,,24.6133,1,CAM,10,5,24611,-1
veh5,24607,,24.6136,1,CAM,6,5,24607,-1
veh5,24595,,24.6143,1,CAM,12,5,24595,-1
veh5,24603,,24.6196,1,CAM,8,5,24603,-1
veh5,24617,,24.6328,1,CAM,7,5,24617,-1
veh5,24618,,24.6338,1,CAM,3,5,24618,-1
veh5,24665,,24.6683,1,CAM,9,5,24665,-1
veh5,24667,,24.6791,1,CAM,11,5,24667,-1
veh5,24687,24.6879,,0,CAM,5,,24687,-1
veh5,24707,,24.7136,1,CAM,6,5,24707,-1
veh5,24695,,24.7143,1,CAM,12,5,24695,-1
veh5,24717,,24.7328,1,CAM,7,5,24717,-1
veh5,24767,,24.7791,1,CAM,11,5,24767,-1
veh5,24811,,24.8133,1,CAM,10,5,24811,-1
veh5,24807,,24.8136,1,CAM,6,5,24807,-1
veh5,24795,,24.8143,1,CAM,12,5,24795,-1
veh5,24803,,24.8196,1,CAM,8,5,24803,-1
veh5,24818,,24.8296,1,CAM,3,5,24818,-1
veh5,24817,,24.8328,1,CAM,7,5,24817,-1
veh5,24865,,24.8788,1,CAM,9,5,24865,-1
veh5,24887,24.8879,,0,CAM,5,,24887,-1
veh5,24911,,24.9133,1,CAM,10,5,24911,-1
veh5,24907,,24.9136,1,CAM,6,5,24907,-1
veh5,24895,,24.9143,1,CAM,12,5,24895,-1
veh5,24917,,24.9328,1,CAM,7,5,24917,-1
veh5,24967,,24.9791,1,CAM,11,5,24967,-1
veh5,25011,,25.0133,1,CAM,10,5,25011,-1
veh5,25007,,25.0136,1,CAM,6,5,25007,-1
veh5,24995,,25.0143,1,CAM,12,5,24995,-1
veh5,25003,,25.0196,1,CAM,8,5,25003,-1
veh5,25018,,25.0296,1,CAM,3,5,25018,-1
veh5,25065,,25.0788,1,CAM,9,5,25065,-1
veh5,25087,25.0879,,0,CAM,5,,25087,-1
veh5,25111,,25.1133,1,CAM,10,5,25111,-1
veh5,25107,,25.1136,1,CAM,6,5,25107,-1
veh5,25095,,25.1143,1,CAM,12,5,25095,-1
veh5,25117,,25.1328,1,CAM,7,5,25117,-1
veh5,25167,,25.1791,1,CAM,11,5,25167,-1
veh5,25211,,25.2133,1,CAM,10,5,25211,-1
veh5,25207,,25.2136,1,CAM,6,5,25207,-1
veh5,25203,,25.2196,1,CAM,8,5,25203,-1
veh5,25218,,25.2296,1,CAM,3,5,25218,-1
veh5,25265,,25.2788,1,CAM,9,5,25265,-1
veh5,25287,25.2879,,0,CAM,5,,25287,-1
veh5,25311,,25.3133,1,CAM,10,5,25311,-1
veh5,25307,,25.3136,1,CAM,6,5,25307,-1
veh5,25317,,25.3218,1,CAM,7,5,25317,-1
veh5,25295,,25.3246,1,CAM,12,5,25295,-1
veh5,25365,,25.3788,1,CAM,9,5,25365,-1
veh5,25367,,25.3791,1,CAM,11,5,25367,-1
veh5,25387,25.3879,,0,CAM,5,,25387,-1
veh5,25411,,25.4133,1,CAM,10,5,25411,-1
veh5,25403,,25.4196,1,CAM,8,5,25403,-1
veh5,25418,,25.4296,1,CAM,3,5,25418,-1
veh5,25465,,25.4788,1,CAM,9,5,25465,-1
veh5,25487,25.4879,,0,CAM,5,,25487,-1
veh5,25495,,25.5046,1,CAM,12,5,25495,-1
veh5,25507,,25.5078,1,CAM,6,5,25507,-1
veh5,25511,,25.5133,1,CAM,10,5,25511,-1
veh5,25503,,25.5196,1,CAM,8,5,25503,-1
veh5,25517,,25.5218,1,CAM,7,5,25517,-1
veh5,25565,,25.5788,1,CAM,9,5,25565,-1
veh5,25567,,25.5796,1,CAM,11,5,25567,-1
veh5,25587,25.5879,,0,CAM,5,,25587,-1
veh5,25603,,25.6196,1,CAM,8,5,25603,-1
veh5,25618,,25.6296,1,CAM,3,5,25618,-1
veh5,25665,,25.6788,1,CAM,9,5,25665,-1
veh5,25687,25.6879,,0,CAM,5,,25687,-1
veh5,25695,,25.7046,1,CAM,12,5,25695,-1
veh5,25707,,25.7078,1,CAM,6,5,25707,-1
veh5,25703,,25.7131,1,CAM,8,5,25703,-1
veh5,25711,,25.7133,1,CAM,10,5,25711,-1
veh5,25717,,25.7218,1,CAM,7,5,25717,-1
veh5,25767,,25.7796,1,CAM,11,5,25767,-1
veh5,25787,25.7879,,0,CAM,5,,25787,-1
veh5,25803,,25.8131,1,CAM,8,5,25803,-1
veh5,25817,,25.8218,1,CAM,7,5,25817,-1
veh5,25818,,25.8231,1,CAM,3,5,25818,-1
veh5,25867,,25.8796,1,CAM,11,5,25867,-1
veh5,25865,,25.8811,1,CAM,9,5,25865,-1
veh5,25887,25.8879,,0,CAM,5,,25887,-1
veh5,25895,,25.9046,1,CAM,12,5,25895,-1
veh5,25907,,25.9078,1,CAM,6,5,25907,-1
veh5,25911,,25.9133,1,CAM,10,5,25911,-1
veh5,25917,,25.9366,1,CAM,7,5,25917,-1
veh5,25967,,25.9796,1,CAM,11,5,25967,-1
veh5,25987,25.9879,,0,CAM,5,,25987,-1
veh5,26003,,26.0131,1,CAM,8,5,26003,-1
veh5,26018,,26.0231,1,CAM,3,5,26018,-1
veh5,26017,,26.0366,1,CAM,7,5,26017,-1
veh5,26067,,26.0796,1,CAM,11,5,26067,-1
veh5,26065,,26.0811,1,CAM,9,5,26065,-1
veh5,26095,,26.1046,1,CAM,12,5,26095,-1
veh5,26107,,26.1078,1,CAM,6,5,26107,-1
veh5,26111,,26.1133,1,CAM,10,5,26111,-1
veh5,26117,,26.1366,1,CAM,7,5,26117,-1
veh5,26167,,26.1796,1,CAM,11,5,26167,-1
veh5,26187,26.1879,,0,CAM,5,,26187,-1
veh5,26195,,26.2046,1,CAM,12,5,26195,-1
veh5,26218,,26.2231,1,CAM,3,5,26218,-1
veh5,26267,,26.2796,1,CAM,11,5,26267,-1
veh5,26265,,26.2811,1,CAM,9,5,26265,-1
veh5,26295,,26.3046,1,CAM,12,5,26295,-1
veh5,26307,,26.3078,1,CAM,6,5,26307,-1
veh5,26311,,26.3133,1,CAM,10,5,26311,-1
veh5,26317,,26.3366,1,CAM,7,5,26317,-1
veh5,26367,,26.3796,1,CAM,11,5,26367,-1
veh5,26387,26.3879,,0,CAM,5,,26387,-1
veh5,26395,,26.4046,1,CAM,12,5,26395,-1
veh5,26411,,26.4191,1,CAM,10,5,26411,-1
veh5,26418,,26.4231,1,CAM,3,5,26418,-1
veh5,26407,,26.4243,1,CAM,6,5,26407,-1
veh5,26465,,26.4716,1,CAM,9,5,26465,-1
veh5,26467,,26.4796,1,CAM,11,5,26467,-1
veh5,26495,,26.5046,1,CAM,12,5,26495,-1
veh5,26511,,26.5191,1,CAM,10,5,26511,-1
veh5,26507,,26.5243,1,CAM,6,5,26507,-1
veh5,26517,,26.5366,1,CAM,7,5,26517,-1
veh5,26587,26.5879,,0,CAM,5,,26587,-1
veh5,26611,,26.6191,1,CAM,10,5,26611,-1
veh5,26618,,26.6231,1,CAM,3,5,26618,-1
veh5,26607,,26.6243,1,CAM,6,5,26607,-1
veh5,26665,,26.6716,1,CAM,9,5,26665,-1
veh5,26667,,26.6796,1,CAM,11,5,26667,-1
veh5,26603,,26.7111,1,CAM,8,5,26603,-1
veh5,26703,,26.7111,1,CAM,8,5,26703,-1
veh5,26711,,26.7191,1,CAM,10,5,26711,-1
veh5,26707,,26.7243,1,CAM,6,5,26707,-1
veh5,26717,,26.7366,1,CAM,7,5,26717,-1
veh5,26765,,26.7716,1,CAM,9,5,26765,-1
veh5,26787,26.7879,,0,CAM,5,,26787,-1
veh5,26803,,26.8111,1,CAM,8,5,26803,-1
veh5,26695,,26.8126,1,CAM,12,5,26695,-1
veh5,26811,,26.8191,1,CAM,10,5,26811,-1
veh5,26818,,26.8231,1,CAM,3,5,26818,-1
veh5,26807,,26.8243,1,CAM,6,5,26807,-1
veh5,26865,,26.8716,1,CAM,9,5,26865,-1
veh5,26867,,26.8778,1,CAM,11,5,26867,-1
veh5,26903,,26.9111,1,CAM,8,5,26903,-1
veh5,26895,,26.9126,1,CAM,12,5,26895,-1
veh5,26911,,26.9191,1,CAM,10,5,26911,-1
veh5,26917,,26.9331,1,CAM,7,5,26917,-1
veh5,26965,,26.9746,1,CAM,9,5,26965,-1
veh5,26987,26.9879,,0,CAM,5,,26987,-1
veh5,27003,,27.0111,1,CAM,8,5,27003,-1
veh5,27018,,27.0213,1,CAM,3,5,27018,-1
veh5,27007,,27.0243,1,CAM,6,5,27007,-1
veh5,27065,,27.0746,1,CAM,9,5,27065,-1
veh5,27067,,27.0778,1,CAM,11,5,27067,-1
veh5,27103,,27.1111,1,CAM,8,5,27103,-1
veh5,27095,,27.1126,1,CAM,12,5,27095,-1
veh5,27111,,27.1191,1,CAM,10,5,27111,-1
veh5,27117,,27.1331,1,CAM,7,5,27117,-1
veh5,27165,,27.1746,1,CAM,9,5,27165,-1
veh5,27187,27.1879,,0,CAM,5,,27187,-1
veh5,27218,,27.2213,1,CAM,3,5,27218,-1
veh5,27207,,27.2243,1,CAM,6,5,27207,-1
veh5,27217,,27.2331,1,CAM,7,5,27217,-1
veh5,27265,,27.2746,1,CAM,9,5,27265,-1
veh5,27267,,27.2778,1,CAM,11,5,27267,-1
veh5,27303,,27.3111,1,CAM,8,5,27303,-1
veh5,27295,,27.3126,1,CAM,12,5,27295,-1
veh5,27311,,27.3191,1,CAM,10,5,27311,-1
veh5,27317,,27.3331,1,CAM,7,5,27317,-1
veh5,27367,,27.3778,1,CAM,11,5,27367,-1
veh5,27387,27.3879,,0,CAM,5,,27387,-1
veh5,27418,,27.4213,1,CAM,3,5,27418,-1
veh5,27407,,27.4228,1,CAM,6,5,27407,-1
veh5,27417,,27.4331,1,CAM,7,5,27417,-1
veh5,27465,,27.4746,1,CAM,9,5,27465,-1
veh5,27467,,27.4778,1,CAM,11,5,27467,-1
veh5,27495,,27.5103,1,CAM,12,5,27495,-1
veh5,27503,,27.5108,1,CAM,8,5,27503,-1
veh5,27511,,27.5311,1,CAM,10,5,27511,-1
veh5,27517,,27.5331,1,CAM,7,5,27517,-1
veh5,27567,,27.5778,1,CAM,11,5,27567,-1
veh5,27587,27.5879,,0,CAM,5,,27587,-1
veh5,27595,,27.6103,1,CAM,12,5,27595,-1
veh5,27618,,27.6213,1,CAM,3,5,27618,-1
veh5,27607,,27.6228,1,CAM,6,5,27607,-1
veh5,27611,,27.6311,1,CAM,10,5,27611,-1
veh5,27617,,27.6331,1,CAM,7,5,27617,-1
veh5,27665,,27.6746,1,CAM,9,5,27665,-1
veh5,27667,,27.6778,1,CAM,11,5,27667,-1
veh5,27695,,27.7103,1,CAM,12,5,27695,-1
veh5,27703,,27.7108,1,CAM,8,5,27703,-1
veh5,27711,,27.7311,1,CAM,10,5,27711,-1
veh5,27717,,27.7331,1,CAM,7,5,27717,-1
veh5,27767,,27.7778,1,CAM,11,5,27767,-1
veh5,27787,27.7879,,0,CAM,5,,27787,-1
veh5,27795,,27.8103,1,CAM,12,5,27795,-1
veh5,27818,,27.8213,1,CAM,3,5,27818,-1
veh5,27807,,27.8228,1,CAM,6,5,27807,-1
veh5,27811,,27.8311,1,CAM,10,5,27811,-1
veh5,27817,,27.8331,1,CAM,7,5,27817,-1
veh5,27865,,27.8746,1,CAM,9,5,27865,-1
veh5,27895,,27.9103,1,CAM,12,5,27895,-1
veh5,27903,,27.9108,1,CAM,8,5,27903,-1
veh5,27911,,27.9311,1,CAM,10,5,27911,-1
veh5,27967,,27.9778,1,CAM,11,5,27967,-1
veh5,27987,27.9879,,0,CAM,5,,27987,-1
veh5,27995,,28.0103,1,CAM,12,5,27995,-1
veh5,28018,,28.0213,1,CAM,3,5,28018,-1
veh5,28007,,28.0228,1,CAM,6,5,28007,-1
veh5,28017,,28.0331,1,CAM,7,5,28017,-1
veh5,28065,,28.0746,1,CAM,9,5,28065,-1
veh5,28095,,28.1103,1,CAM,12,5,28095,-1
veh5,28103,,28.1108,1,CAM,8,5,28103,-1
veh5,28167,,28.1778,1,CAM,11,5,28167,-1
veh5,28187,28.1879,,0,CAM,5,,28187,-1
veh5,28203,,28.2108,1,CAM,8,5,28203,-1
veh5,28111,,28.2153,1,CAM,10,5,28111,-1
veh5,28218,,28.2213,1,CAM,3,5,28218,-1
veh5,28207,,28.2228,1,CAM,6,5,28207,-1
veh5,28217,,28.2333,1,CAM,7,5,28217,-1
veh5,28265,,28.2728,1,CAM,9,5,28265,-1
veh5,28295,,28.3086,1,CAM,12,5,28295,-1
veh5,28303,,28.3108,1,CAM,8,5,28303,-1
veh5,28311,,28.3153,1,CAM,10,5,28311,-1
veh5,28367,,28.3778,1,CAM,11,5,28367,-1
veh5,28387,28.3879,,0,CAM,5,,28387,-1
veh5,28403,,28.4226,1,CAM,8,5,28403,-1
veh5,28407,,28.4228,1,CAM,6,5,28407,-1
veh5,28418,,28.4236,1,CAM,3,5,28418,-1
veh5,28417,,28.4333,1,CAM,7,5,28417,-1
veh5,28465,,28.4728,1,CAM,9,5,28465,-1
veh5,28495,,28.5086,1,CAM,12,5,28495,-1
veh5,28511,,28.5153,1,CAM,10,5,28511,-1
veh5,28503,,28.5226,1,CAM,8,5,28503,-1
veh5,28567,,28.5763,1,CAM,11,5,28567,-1
veh5,28587,28.5879,,0,CAM,5,,28587,-1
veh5,28603,,28.6226,1,CAM,8,5,28603,-1
veh5,28607,,28.6228,1,CAM,6,5,28607,-1
veh5,28618,,28.6236,1,CAM,3,5,28618,-1
veh5,28617,,28.6333,1,CAM,7,5,28617,-1
veh5,28665,,28.6728,1,CAM,9,5,28665,-1
veh5,28667,,28.6763,1,CAM,11,5,28667,-1
veh5,28695,,28.7086,1,CAM,12,5,28695,-1
veh5,28711,,28.7153,1,CAM,10,5,28711,-1
veh5,28703,,28.7226,1,CAM,8,5,28703,-1
veh5,28767,,28.7763,1,CAM,11,5,28767,-1
veh5,28787,28.7879,,0,CAM,5,,28787,-1
veh5,28795,,28.8086,1,CAM,12,5,28795,-1
veh5,28807,,28.8231,1,CAM,6,5,28807,-1
veh5,28818,,28.8236,1,CAM,3,5,28818,-1
veh5,28817,,28.8333,1,CAM,7,5,28817,-1
veh5,28865,,28.8701,1,CAM,9,5,28865,-1
veh5,28867,,28.8763,1,CAM,11,5,28867,-1
veh5,28895,,28.9086,1,CAM,12,5,28895,-1
veh5,28911,,28.9153,1,CAM,10,5,28911,-1
veh5,28903,,28.9226,1,CAM,8,5,28903,-1
veh5,28967,,28.9763,1,CAM,11,5,28967,-1
veh5,28987,28.9879,,0,CAM,5,,28987,-1
veh5,28995,,29.0086,1,CAM,12,5,28995,-1
veh5,29007,,29.0231,1,CAM,6,5,29007,-1
veh5,29018,,29.0286,1,CAM,3,5,29018,-1
veh5,29017,,29.0308,1,CAM,7,5,29017,-1
veh5,29065,,29.0701,1,CAM,9,5,29065,-1
veh5,29067,,29.0763,1,CAM,11,5,29067,-1
veh5,29095,,29.1086,1,CAM,12,5,29095,-1
veh5,29111,,29.1153,1,CAM,10,5,29111,-1
veh5,29103,,29.1226,1,CAM,8,5,29103,-1
veh5,29187,29.1879,,0,CAM,5,,29187,-1
veh5,29195,,29.2086,1,CAM,12,5,29195,-1
veh5,29207,,29.2231,1,CAM,6,5,29207,-1
veh5,29218,,29.2286,1,CAM,3,5,29218,-1
veh5,29217,,29.2308,1,CAM,7,5,29217,-1
veh5,29265,,29.2701,1,CAM,9,5,29265,-1
veh5,29267,,29.2763,1,CAM,11,5,29267,-1
veh5,29295,,29.3086,1,CAM,12,5,29295,-1
veh5,29303,,29.3226,1,CAM,8,5,29303,-1
veh5,29387,29.3879,,0,CAM,5,,29387,-1
veh5,29395,,29.4086,1,CAM,12,5,29395,-1
veh5,29311,,29.4153,1,CAM,10,5,29311,-1
veh5,29407,,29.4231,1,CAM,6,5,29407,-1
veh5,29418,,29.4286,1,CAM,3,5,29418,-1
veh5,29411,,29.4303,1,CAM,10,5,29411,-1
veh5,29417,,29.4308,1,CAM,7,5,29417,-1
veh5,29465,,29.4701,1,CAM,9,5,29465,-1
veh5,29467,,29.4838,1,CAM,11,5,29467,-1
veh5,29503,,29.5043,1,CAM,8,5,29503,-1
veh5,29511,,29.5303,1,CAM,10,5,29511,-1
veh5,29587,29.5879,,0,CAM,5,,29587,-1
veh5,29595,,29.6086,1,CAM,12,5,29595,-1
veh5,29607,,29.6231,1,CAM,6,5,29607,-1
veh5,29618,,29.6286,1,CAM,3,5,29618,-1
veh5,29611,,29.6303,1,CAM,10,5,29611,-1
veh5,29617,,29.6308,1,CAM,7,5,29617,-1
veh5,29665,,29.6701,1,CAM,9,5,29665,-1
veh5,29667,,29.6838,1,CAM,11,5,29667,-1
veh5,29703,,29.7043,1,CAM,8,5,29703,-1
veh5,29711,,29.7303,1,CAM,10,5,29711,-1
veh5,29787,29.7879,,0,CAM,5,,29787,-1
veh5,29795,,29.7986,1,CAM,12,5,29795,-1
veh5,29807,,29.8196,1,CAM,6,5,29807,-1
veh5,29818,,29.8286,1,CAM,3,5,29818,-1
veh5,29817,,29.8308,1,CAM,7,5,29817,-1
veh5,29865,,29.8701,1,CAM,9,5,29865,-1
veh5,29867,,29.8838,1,CAM,11,5,29867,-1
veh5,29903,,29.9043,1,CAM,8,5,29903,-1
veh5,29911,,29.9303,1,CAM,10,5,29911,-1
veh5,29987,29.9879,,0,CAM,5,,29987,-1
veh5,29995,,29.9986,1,CAM,12,5,29995,-1
veh5,30007,,30.0196,1,CAM,6,5,30007,-1
veh5,30018,,30.0286,1,CAM,3,5,30018,-1
veh5,30017,,30.0308,1,CAM,7,5,30017,-1
veh5,30065,,30.0701,1,CAM,9,5,30065,-1
veh5,30067,,30.0838,1,CAM,11,5,30067,-1
veh5,30103,,30.1228,1,CAM,8,5,30103,-1
veh5,30111,,30.1303,1,CAM,10,5,30111,-1
veh5,30167,,30.1838,1,CAM,11,5,30167,-1
veh5,30187,30.1879,,0,CAM,5,,30187,-1
veh5,30195,,30.1986,1,CAM,12,5,30195,-1
veh5,30207,,30.2196,1,CAM,6,5,30207,-1
veh5,30218,,30.2286,1,CAM,3,5,30218,-1
veh5,30217,,30.2298,1,CAM,7,5,30217,-1
veh5,30265,,30.2698,1,CAM,9,5,30265,-1
veh5,30267,,30.2723,1,CAM,11,5,30267,-1
veh5,30311,,30.3303,1,CAM,10,5,30311,-1
veh5,30367,,30.3723,1,CAM,11,5,30367,-1
veh5,30387,30.3879,,0,CAM,5,,30387,-1
veh5,30395,,30.3986,1,CAM,12,5,30395,-1
veh5,30407,,30.4246,1,CAM,6,5,30407,-1
veh5,30417,,30.4298,1,CAM,7,5,30417,-1
veh5,30418,,30.4386,1,CAM,3,5,30418,-1
veh5,30465,,30.4698,1,CAM,9,5,30465,-1
veh5,30467,,30.4723,1,CAM,11,5,30467,-1
veh5,30495,,30.5123,1,CAM,12,5,30495,-1
veh5,30511,,30.5303,1,CAM,10,5,30511,-1
veh5,30567,,30.5723,1,CAM,11,5,30567,-1
veh5,30587,30.5879,,0,CAM,5,,30587,-1
veh5,30595,,30.5986,1,CAM,12,5,30595,-1
veh5,30503,,30.6228,1,CAM,8,5,30503,-1
veh5,30607,,30.6246,1,CAM,6,5,30607,-1
veh5,30617,,30.6298,1,CAM,7,5,30617,-1
veh5,30618,,30.6386,1,CAM,3,5,30618,-1
veh5,30665,,30.6698,1,CAM,9,5,30665,-1
veh5,30667,,30.6723,1,CAM,11,5,30667,-1
veh5,30695,,30.6986,1,CAM,12,5,30695,-1
veh5,30703,,30.7093,1,CAM,8,5,30703,-1
veh5,30711,,30.7273,1,CAM,10,5,30711,-1
veh5,30787,30.7879,,0,CAM,5,,30787,-1
veh5,30795,,30.7986,1,CAM,12,5,30795,-1
veh5,30807,,30.8246,1,CAM,6,5,30807,-1
veh5,30817,,30.8298,1,CAM,7,5,30817,-1
veh5,30818,,30.8386,1,CAM,3,5,30818,-1
veh5,30865,,30.8698,1,CAM,9,5,30865,-1
veh5,30867,,30.8723,1,CAM,11,5,30867,-1
veh5,30895,,30.8993,1,CAM,12,5,30895,-1
veh5,30903,,30.9093,1,CAM,8,5,30903,-1
veh5,30911,,30.9273,1,CAM,10,5,30911,-1
veh5,30987,30.9879,,0,CAM,5,,30987,-1
veh5,30995,,30.9993,1,CAM,12,5,30995,-1
veh5,31007,,31.0246,1,CAM,6,5,31007,-1
veh5,31017,,31.0288,1,CAM,7,5,31017,-1
veh5,31018,,31.0386,1,CAM,3,5,31018,-1
veh5,31065,,31.0698,1,CAM,9,5,31065,-1
veh5,31067,,31.0723,1,CAM,11,5,31067,-1
veh5,31103,,31.1093,1,CAM,8,5,31103,-1
veh5,31111,,31.1273,1,CAM,10,5,31111,-1
veh5,31187,31.1879,,0,CAM,5,,31187,-1
veh5,31195,,31.1993,1,CAM,12,5,31195,-1
veh5,31207,,31.2246,1,CAM,6,5,31207,-1
veh5,31217,,31.2288,1,CAM,7,5,31217,-1
veh5,31218,,31.2386,1,CAM,3,5,31218,-1
veh5,31265,,31.2698,1,CAM,9,5,31265,-1
veh5,31267,,31.2723,1,CAM,11,5,31267,-1
veh5,31303,,31.3093,1,CAM,8,5,31303,-1
veh5,31311,,31.3273,1,CAM,10,5,31311,-1
veh5,31387,31.3879,,0,CAM,5,,31387,-1
veh5,31395,,31.3993,1,CAM,12,5,31395,-1
veh5,31407,,31.4243,1,CAM,6,5,31407,-1
veh5,31417,,31.4288,1,CAM,7,5,31417,-1
veh5,31418,,31.4363,1,CAM,3,5,31418,-1
veh5,31465,,31.4698,1,CAM,9,5,31465,-1
veh5,31467,,31.4723,1,CAM,11,5,31467,-1
veh5,31503,,31.5093,1,CAM,8,5,31503,-1
veh5,31511,,31.5226,1,CAM,10,5,31511,-1
veh5,31587,31.5879,,0,CAM,5,,31587,-1
veh5,31595,,31.6003,1,CAM,12,5,31595,-1
veh5,31607,,31.6243,1,CAM,6,5,31607,-1
veh5,31617,,31.6288,1,CAM,7,5,31617,-1
veh5,31618,,31.6363,1,CAM,3,5,31618,-1
veh5,31665,,31.6698,1,CAM,9,5,31665,-1
veh5,31667,,31.6723,1,CAM,11,5,31667,-1
veh5,31703,,31.7056,1,CAM,8,5,31703,-1
veh5,31711,,31.7226,1,CAM,10,5,31711,-1
veh5,31787,31.7879,,0,CAM,5,,31787,-1
veh5,31795,,31.8003,1,CAM,12,5,31795,-1
veh5,31807,,31.8243,1,CAM,6,5,31807,-1
veh5,31817,,31.8288,1,CAM,7,5,31817,-1
veh5,31818,,31.8363,1,CAM,3,5,31818,-1
veh5,31865,,31.8678,1,CAM,9,5,31865,-1
veh5,31867,,31.8728,1,CAM,11,5,31867,-1
veh5,31903,,31.9056,1,CAM,8,5,31903,-1
veh5,31911,,31.9226,1,CAM,10,5,31911,-1
veh5,31987,31.9879,,0,CAM,5,,31987,-1
veh5,31995,,32.0003,1,CAM,12,5,31995,-1
veh5,32007,,32.0243,1,CAM,6,5,32007,-1
veh5,32017,,32.0288,1,CAM,7,5,32017,-1
veh5,32018,,32.0358,1,CAM,3,5,32018,-1
veh5,32065,,32.0678,1,CAM,9,5,32065,-1
veh5,32067,,32.0728,1,CAM,11,5,32067,-1
veh5,32103,,32.1056,1,CAM,8,5,32103,-1
veh5,32111,,32.1226,1,CAM,10,5,32111,-1
veh5,32187,32.1879,,0,CAM,5,,32187,-1
veh5,32195,,32.2003,1,CAM,12,5,32195,-1
veh5,32207,,32.2243,1,CAM,6,5,32207,-1
veh5,32217,,32.2288,1,CAM,7,5,32217,-1
veh5,32218,,32.2358,1,CAM,3,5,32218,-1
veh5,32265,,32.2678,1,CAM,9,5,32265,-1
veh5,32267,,32.2728,1,CAM,11,5,32267,-1
veh5,32303,,32.3056,1,CAM,8,5,32303,-1
veh5,32311,,32.3226,1,CAM,10,5,32311,-1
veh5,32387,32.3879,,0,CAM,5,,32387,-1
veh5,32395,,32.4003,1,CAM,12,5,32395,-1
veh5,32407,,32.4208,1,CAM,6,5,32407,-1
veh5,32417,,32.4286,1,CAM,7,5,32417,-1
veh5,32418,,32.4358,1,CAM,3,5,32418,-1
veh5,32465,,32.4678,1,CAM,9,5,32465,-1
veh5,32467,,32.4728,1,CAM,11,5,32467,-1
veh5,32503,,32.5056,1,CAM,8,5,32503,-1
veh5,32511,,32.5226,1,CAM,10,5,32511,-1
veh5,32587,32.5879,,0,CAM,5,,32587,-1
veh5,32595,,32.6003,1,CAM,12,5,32595,-1
veh5,32607,,32.6208,1,CAM,6,5,32607,-1
veh5,32617,,32.6286,1,CAM,7,5,32617,-1
veh5,32618,,32.6358,1,CAM,3,5,32618,-1
veh5,32665,,32.6678,1,CAM,9,5,32665,-1
veh5,32667,,32.6848,1,CAM,11,5,32667,-1
veh5,32703,,32.7056,1,CAM,8,5,32703,-1
veh5,32711,,32.7193,1,CAM,10,5,32711,-1
veh5,32787,32.7879,,0,CAM,5,,32787,-1
veh5,32795,,32.8003,1,CAM,12,5,32795,-1
veh5,32818,,32.8188,1,CAM,3,5,32818,-1
veh5,32807,,32.8208,1,CAM,6,5,32807,-1
veh5,32817,,32.8286,1,CAM,7,5,32817,-1
veh5,32865,,32.8831,1,CAM,9,5,32865,-1
veh5,32867,,32.8848,1,CAM,11,5,32867,-1
veh5,32903,,32.9056,1,CAM,8,5,32903,-1
veh5,32911,,32.9193,1,CAM,10,5,32911,-1
veh5,32987,32.9879,,0,CAM,5,,32987,-1
veh5,32995,,33.0003,1,CAM,12,5,32995,-1
veh5,33018,,33.0188,1,CAM,3,5,33018,-1
veh5,33007,,33.0208,1,CAM,6,5,33007,-1
veh5,33017,,33.0286,1,CAM,7,5,33017,-1
veh5,33065,,33.0831,1,CAM,9,5,33065,-1
veh5,33067,,33.0848,1,CAM,11,5,33067,-1
veh5,33111,,33.1193,1,CAM,10,5,33111,-1
veh5,33103,,33.1216,1,CAM,8,5,33103,-1
veh5,33187,33.1879,,0,CAM,5,,33187,-1
veh5,33195,,33.2148,1,CAM,12,5,33195,-1
veh5,33218,,33.2188,1,CAM,3,5,33218,-1
veh5,33207,,33.2208,1,CAM,6,5,33207,-1
veh5,33217,,33.2286,1,CAM,7,5,33217,-1
veh5,33265,,33.2831,1,CAM,9,5,33265,-1
veh5,33267,,33.2848,1,CAM,11,5,33267,-1
veh5,33311,,33.3193,1,CAM,10,5,33311,-1
veh5,33303,,33.3216,1,CAM,8,5,33303,-1
veh5,33387,33.3879,,0,CAM,5,,33387,-1
veh5,33395,,33.4148,1,CAM,12,5,33395,-1
veh5,33418,,33.4188,1,CAM,3,5,33418,-1
veh5,33407,,33.4208,1,CAM,6,5,33407,-1
veh5,33417,,33.4281,1,CAM,7,5,33417,-1
veh5,33465,,33.4831,1,CAM,9,5,33465,-1
veh5,33467,,33.4848,1,CAM,11,5,33467,-1
veh5,33511,,33.5193,1,CAM,10,5,33511,-1
veh5,33503,,33.5216,1,CAM,8,5,33503,-1
veh5,33587,33.5879,,0,CAM,5,,33587,-1
veh5,33607,,33.6141,1,CAM,6,5,33607,-1
veh5,33595,,33.6148,1,CAM,12,5,33595,-1
veh5,33617,,33.6281,1,CAM,7,5,33617,-1
veh5,33618,,33.6311,1,CAM,3,5,33618,-1
veh5,33665,,33.6831,1,CAM,9,5,33665,-1
veh5,33667,,33.6846,1,CAM,11,5,33667,-1
veh5,33711,,33.7193,1,CAM,10,5,33711,-1
veh5,33703,,33.7216,1,CAM,8,5,33703,-1
veh5,33787,33.7879,,0,CAM,5,,33787,-1
veh5,33807,,33.8141,1,CAM,6,5,33807,-1
veh5,33795,,33.8148,1,CAM,12,5,33795,-1
veh5,33817,,33.8281,1,CAM,7,5,33817,-1
veh5,33818,,33.8311,1,CAM,3,5,33818,-1
veh5,33865,,33.8808,1,CAM,9,5,33865,-1
veh5,33867,,33.8846,1,CAM,11,5,33867,-1
veh5,33911,,33.9193,1,CAM,10,5,33911,-1
veh5,33903,,33.9216,1,CAM,8,5,33903,-1
veh5,33987,33.9879,,0,CAM,5,,33987,-1
veh5,34007,,34.0141,1,CAM,6,5,34007,-1
veh5,33995,,34.0148,1,CAM,12,5,33995,-1
veh5,34017,,34.0278,1,CAM,7,5,34017,-1
veh5,34018,,34.0311,1,CAM,3,5,34018,-1
veh5,34065,,34.0808,1,CAM,9,5,34065,-1
veh5,34067,,34.0846,1,CAM,11,5,34067,-1
veh5,34111,,34.1193,1,CAM,10,5,34111,-1
veh5,34103,,34.1216,1,CAM,8,5,34103,-1
veh5,34187,34.1879,,0,CAM,5,,34187,-1
veh5,34207,,34.2141,1,CAM,6,5,34207,-1
veh5,34195,,34.2148,1,CAM,12,5,34195,-1
veh5,34217,,34.2278,1,CAM,7,5,34217,-1
veh5,34218,,34.2311,1,CAM,3,5,34218,-1
veh5,34265,,34.2808,1,CAM,9,5,34265,-1
veh5,34267,,34.2846,1,CAM,11,5,34267,-1
veh5,34303,,34.3063,1,CAM,8,5,34303,-1
veh5,34311,,34.3206,1,CAM,10,5,34311,-1
veh5,34387,34.3879,,0,CAM,5,,34387,-1
veh5,34407,,34.4141,1,CAM,6,5,34407,-1
veh5,34395,,34.4148,1,CAM,12,5,34395,-1
veh5,34417,,34.4278,1,CAM,7,5,34417,-1
veh5,34418,,34.4311,1,CAM,3,5,34418,-1
veh5,34465,,34.4808,1,CAM,9,5,34465,-1
veh5,34467,,34.4846,1,CAM,11,5,34467,-1
veh5,34503,,34.5063,1,CAM,8,5,34503,-1
veh5,34511,,34.5206,1,CAM,10,5,34511,-1
veh5,34587,34.5879,,0,CAM,5,,34587,-1
veh5,34595,,34.6108,1,CAM,12,5,34595,-1
veh5,34607,,34.6141,1,CAM,6,5,34607,-1
veh5,34618,,34.6311,1,CAM,3,5,34618,-1
veh5,34617,,34.6373,1,CAM,7,5,34617,-1
veh5,34667,,34.6801,1,CAM,11,5,34667,-1
veh5,34665,,34.6808,1,CAM,9,5,34665,-1
veh5,34703,,34.7063,1,CAM,8,5,34703,-1
veh5,34711,,34.7206,1,CAM,10,5,34711,-1
veh5,34787,34.7879,,0,CAM,5,,34787,-1
veh5,34795,,34.8108,1,CAM,12,5,34795,-1
veh5,34807,,34.8141,1,CAM,6,5,34807,-1
veh5,34818,,34.8293,1,CAM,3,5,34818,-1
veh5,34817,,34.8373,1,CAM,7,5,34817,-1
veh5,34867,,34.8801,1,CAM,11,5,34867,-1
veh5,34865,,34.8808,1,CAM,9,5,34865,-1
veh5,34903,,34.9183,1,CAM,8,5,34903,-1
veh5,34911,,34.9206,1,CAM,10,5,34911,-1
veh5,34987,34.9879,,0,CAM,5,,34987,-1
veh5,35007,,35.0083,1,CAM,6,5,35007,-1
veh5,34995,,35.0108,1,CAM,12,5,34995,-1
veh5,35018,,35.0293,1,CAM,3,5,35018,-1
veh5,35017,,35.0373,1,CAM,7,5,35017,-1
veh5,35067,,35.0801,1,CAM,11,5,35067,-1
veh5,35065,,35.0808,1,CAM,9,5,35065,-1
veh5,35103,,35.1183,1,CAM,8,5,35103,-1
veh5,35111,,35.1206,1,CAM,10,5,35111,-1
veh5,35187,35.1879,,0,CAM,5,,35187,-1
veh5,35207,,35.2083,1,CAM,6,5,35207,-1
veh5,35195,,35.2108,1,CAM,12,5,35195,-1
veh5,35218,,35.2293,1,CAM,3,5,35218,-1
veh5,35217,,35.2373,1,CAM,7,5,35217,-1
veh5,35267,,35.2801,1,CAM,11,5,35267,-1
veh5,35265,,35.2846,1,CAM,9,5,35265,-1
veh5,35303,,35.3183,1,CAM,8,5,35303,-1
veh5,35311,,35.3206,1,CAM,10,5,35311,-1
veh5,35387,35.3879,,0,CAM,5,,35387,-1
veh5,35407,,35.4083,1,CAM,6,5,35407,-1
veh5,35418,,35.4293,1,CAM,3,5,35418,-1
veh5,35417,,35.4373,1,CAM,7,5,35417,-1
veh5,35467,,35.4801,1,CAM,11,5,35467,-1
veh5,35465,,35.4846,1,CAM,9,5,35465,-1
veh5,35503,,35.5096,1,CAM,8,5,35503,-1
veh5,35518,,35.5286,1,CAM,3,5,35518,-1
veh5,35511,,35.5298,1,CAM,10,5,35511,-1
veh5,35587,35.5879,,0,CAM,5,,35587,-1
veh5,35607,,35.6083,1,CAM,6,5,35607,-1
veh5,35618,,35.6286,1,CAM,3,5,35618,-1
veh5,35617,,35.6373,1,CAM,7,5,35617,-1
veh5,35667,,35.6823,1,CAM,11,5,35667,-1
veh5,35665,,35.6846,1,CAM,9,5,35665,-1
veh5,35703,,35.7096,1,CAM,8,5,35703,-1
veh5,35718,,35.7286,1,CAM,3,5,35718,-1
veh5,35711,,35.7298,1,CAM,10,5,35711,-1
veh5,35787,35.7879,,0,CAM,5,,35787,-1
veh5,35807,,35.8083,1,CAM,6,5,35807,-1
veh5,35818,,35.8286,1,CAM,3,5,35818,-1
veh5,35817,,35.8373,1,CAM,7,5,35817,-1
veh5,35867,,35.8823,1,CAM,11,5,35867,-1
veh5,35865,,35.8846,1,CAM,9,5,35865,-1
veh5,35903,,35.9096,1,CAM,8,5,35903,-1
veh5,35918,,35.9286,1,CAM,3,5,35918,-1
veh5,35911,,35.9298,1,CAM,10,5,35911,-1
veh5,35987,35.9879,,0,CAM,5,,35987,-1
veh5,36007,,36.0083,1,CAM,6,5,36007,-1
veh5,36018,,36.0286,1,CAM,3,5,36018,-1
veh5,36017,,36.0296,1,CAM,7,5,36017,-1
veh5,36067,,36.0823,1,CAM,11,5,36067,-1
veh5,36065,,36.0846,1,CAM,9,5,36065,-1
veh5,36103,,36.1096,1,CAM,8,5,36103,-1
veh5,36111,,36.1298,1,CAM,10,5,36111,-1
veh5,36187,36.1879,,0,CAM,5,,36187,-1
veh5,36207,,36.2083,1,CAM,6,5,36207,-1
veh5,36218,,36.2286,1,CAM,3,5,36218,-1
veh5,36217,,36.2296,1,CAM,7,5,36217,-1
veh5,36267,,36.2781,1,CAM,11,5,36267,-1
veh5,36265,,36.2791,1,CAM,9,5,36265,-1
veh5,36303,,36.3096,1,CAM,8,5,36303,-1
veh5,36311,,36.3298,1,CAM,10,5,36311,-1
veh5,36387,36.3879,,0,CAM,5,,36387,-1
veh5,36407,,36.4268,1,CAM,6,5,36407,-1
veh5,36418,,36.4286,1,CAM,3,5,36418,-1
veh5,36417,,36.4296,1,CAM,7,5,36417,-1
veh5,36467,,36.4781,1,CAM,11,5,36467,-1
veh5,36465,,36.4791,1,CAM,9,5,36465,-1
veh5,36395,,36.5058,1,CAM,12,5,36395,-1
veh5,36503,,36.5096,1,CAM,8,5,36503,-1
veh5,36511,,36.5298,1,CAM,10,5,36511,-1
veh5,36587,36.5879,,0,CAM,5,,36587,-1
veh5,36595,,36.6058,1,CAM,12,5,36595,-1
veh5,36607,,36.6268,1,CAM,6,5,36607,-1
veh5,36618,,36.6286,1,CAM,3,5,36618,-1
veh5,36617,,36.6296,1,CAM,7,5,36617,-1
veh5,36667,,36.6781,1,CAM,11,5,36667,-1
veh5,36665,,36.6791,1,CAM,9,5,36665,-1
veh5,36687,36.6879,,0,CAM,5,,36687,-1
veh5,36703,,36.7076,1,CAM,8,5,36703,-1
veh5,36711,,36.7278,1,CAM,10,5,36711,-1
veh5,36787,36.7879,,0,CAM,5,,36787,-1
veh5,36795,,36.8058,1,CAM,12,5,36795,-1
veh5,36807,,36.8268,1,CAM,6,5,36807,-1
veh5,36818,,36.8286,1,CAM,3,5,36818,-1
veh5,36817,,36.8296,1,CAM,7,5,36817,-1
veh5,36867,,36.8781,1,CAM,11,5,36867,-1
veh5,36865,,36.8791,1,CAM,9,5,36865,-1
veh5,36887,36.8879,,0,CAM,5,,36887,-1
veh5,36903,,36.9076,1,CAM,8,5,36903,-1
veh5,36911,,36.9278,1,CAM,10,5,36911,-1
veh5,36987,36.9879,,0,CAM,5,,36987,-1
veh5,36995,,37.0058,1,CAM,12,5,36995,-1
veh5,37007,,37.0268,1,CAM,6,5,37007,-1
veh5,37018,,37.0291,1,CAM,3,5,37018,-1
veh5,37017,,37.0296,1,CAM,7,5,37017,-1
veh5,37067,,37.0708,1,CAM,11,5,37067,-1
veh5,37065,,37.0791,1,CAM,9,5,37065,-1
veh5,37087,37.0879,,0,CAM,5,,37087,-1
veh5,37103,,37.1076,1,CAM,8,5,37103,-1
veh5,37111,,37.1278,1,CAM,10,5,37111,-1
veh5,37118,,37.1291,1,CAM,3,5,37118,-1
veh5,37187,37.1879,,0,CAM,5,,37187,-1
veh5,37195,,37.2058,1,CAM,12,5,37195,-1
veh5,37207,,37.2268,1,CAM,6,5,37207,-1
veh5,37218,,37.2291,1,CAM,3,5,37218,-1
veh5,37217,,37.2296,1,CAM,7,5,37217,-1
veh5,37267,,37.2708,1,CAM,11,5,37267,-1
veh5,37265,,37.2791,1,CAM,9,5,37265,-1
veh5,37287,37.2879,,0,CAM,5,,37287,-1
veh5,37303,,37.3076,1,CAM,8,5,37303,-1
veh5,37311,,37.3278,1,CAM,10,5,37311,-1
veh5,37318,,37.3291,1,CAM,3,5,37318,-1
veh5,37395,,37.4071,1,CAM,12,5,37395,-1
veh5,37407,,37.4263,1,CAM,6,5,37407,-1
veh5,37418,,37.4291,1,CAM,3,5,37418,-1
veh5,37417,,37.4296,1,CAM,7,5,37417,-1
veh5,37467,,37.4708,1,CAM,11,5,37467,-1
veh5,37465,,37.4783,1,CAM,9,5,37465,-1
veh5,37487,37.4879,,0,CAM,5,,37487,-1
veh5,37503,,37.5076,1,CAM,8,5,37503,-1
veh5,37511,,37.5278,1,CAM,10,5,37511,-1
veh5,37518,,37.5291,1,CAM,3,5,37518,-1
veh5,37595,,37.6071,1,CAM,12,5,37595,-1
veh5,37617,,37.6261,1,CAM,7,5,37617,-1
veh5,37607,,37.6263,1,CAM,6,5,37607,-1
veh5,37667,,37.6758,1,CAM,11,5,37667,-1
veh5,37665,,37.6783,1,CAM,9,5,37665,-1
veh5,37687,37.6879,,0,CAM,5,,37687,-1
veh5,37703,,37.7076,1,CAM,8,5,37703,-1
veh5,37707,,37.7263,1,CAM,6,5,37707,-1
veh5,37718,,37.7291,1,CAM,3,5,37718,-1
veh5,37711,,37.7293,1,CAM,10,5,37711,-1
veh5,37795,,37.8071,1,CAM,12,5,37795,-1
veh5,37817,,37.8261,1,CAM,7,5,37817,-1
veh5,37807,,37.8263,1,CAM,6,5,37807,-1
veh5,37867,,37.8758,1,CAM,11,5,37867,-1
veh5,37865,,37.8783,1,CAM,9,5,37865,-1
veh5,37887,37.8879,,0,CAM,5,,37887,-1
veh5,37903,,37.9093,1,CAM,8,5,37903,-1
veh5,37907,,37.9263,1,CAM,6,5,37907,-1
veh5,37918,,37.9291,1,CAM,3,5,37918,-1
veh5,37911,,37.9293,1,CAM,10,5,37911,-1
veh5,37995,,38.0071,1,CAM,12,5,37995,-1
veh5,38017,,38.0261,1,CAM,7,5,38017,-1
veh5,38007,,38.0263,1,CAM,6,5,38007,-1
veh5,38067,,38.0758,1,CAM,11,5,38067,-1
veh5,38065,,38.0783,1,CAM,9,5,38065,-1
veh5,38087,38.0879,,0,CAM,5,,38087,-1
veh5,38103,,38.1093,1,CAM,8,5,38103,-1
veh5,38107,,38.1231,1,CAM,6,5,38107,-1
veh5,38118,,38.1291,1,CAM,3,5,38118,-1
veh5,38111,,38.1293,1,CAM,10,5,38111,-1
veh5,38165,,38.1783,1,CAM,9,5,38165,-1
veh5,38195,,38.2071,1,CAM,12,5,38195,-1
veh5,38207,,38.2231,1,CAM,6,5,38207,-1
veh5,38217,,38.2261,1,CAM,7,5,38217,-1
veh5,38267,,38.2758,1,CAM,11,5,38267,-1
veh5,38265,,38.2783,1,CAM,9,5,38265,-1
veh5,38287,38.2879,,0,CAM,5,,38287,-1
veh5,38303,,38.3093,1,CAM,8,5,38303,-1
veh5,38311,,38.3218,1,CAM,10,5,38311,-1
veh5,38318,,38.3283,1,CAM,3,5,38318,-1
veh5,38365,,38.3783,1,CAM,9,5,38365,-1
veh5,38387,38.3879,,0,CAM,5,,38387,-1
veh5,38395,,38.4001,1,CAM,12,5,38395,-1
veh5,38407,,38.4231,1,CAM,6,5,38407,-1
veh5,38418,,38.4283,1,CAM,3,5,38418,-1
veh5,38417,,38.4306,1,CAM,7,5,38417,-1
veh5,38467,,38.4758,1,CAM,11,5,38467,-1
veh5,38465,,38.4783,1,CAM,9,5,38465,-1
veh5,38487,38.4879,,0,CAM,5,,38487,-1
veh5,38503,,38.5118,1,CAM,8,5,38503,-1
veh5,38511,,38.5218,1,CAM,10,5,38511,-1
veh5,38518,,38.5283,1,CAM,3,5,38518,-1
veh5,38565,,38.5698,1,CAM,9,5,38565,-1
veh5,38587,38.5879,,0,CAM,5,,38587,-1
veh5,38595,,38.6001,1,CAM,12,5,38595,-1
veh5,38607,,38.6231,1,CAM,6,5,38607,-1
veh5,38618,,38.6283,1,CAM,3,5,38618,-1
veh5,38617,,38.6306,1,CAM,7,5,38617,-1
veh5,38665,,38.6698,1,CAM,9,5,38665,-1
veh5,38667,,38.6758,1,CAM,11,5,38667,-1
veh5,38687,38.6879,,0,CAM,5,,38687,-1
veh5,38703,,38.7118,1,CAM,8,5,38703,-1
veh5,38711,,38.7218,1,CAM,10,5,38711,-1
veh5,38718,,38.7283,1,CAM,3,5,38718,-1
veh5,38717,,38.7306,1,CAM,7,5,38717,-1
veh5,38787,38.7879,,0,CAM,5,,38787,-1
veh5,38795,,38.8001,1,CAM,12,5,38795,-1
veh5,38807,,38.8231,1,CAM,6,5,38807,-1
veh5,38817,,38.8306,1,CAM,7,5,38817,-1
veh5,38865,,38.8698,1,CAM,9,5,38865,-1
veh5,38867,,38.8846,1,CAM,11,5,38867,-1
veh5,38887,38.8879,,0,CAM,5,,38887,-1
veh5,38903,,38.9118,1,CAM,8,5,38903,-1
veh5,38911,,38.9218,1,CAM,10,5,38911,-1
veh5,38918,,38.9283,1,CAM,3,5,38918,-1
veh5,38917,,38.9306,1,CAM,7,5,38917,-1
veh5,38995,,39.0001,1,CAM,12,5,38995,-1
veh5,39007,,39.0088,1,CAM,6,5,39007,-1
veh5,39017,,39.0306,1,CAM,7,5,39017,-1
veh5,39065,,39.0698,1,CAM,9,5,39065,-1
veh5,39067,,39.0846,1,CAM,11,5,39067,-1
veh5,39087,39.0879,,0,CAM,5,,39087,-1
veh5,39103,,39.1096,1,CAM,8,5,39103,-1
veh5,39111,,39.1218,1,CAM,10,5,39111,-1
veh5,39118,,39.1283,1,CAM,3,5,39118,-1
veh5,39117,,39.1306,1,CAM,7,5,39117,-1
veh5,39195,,39.2001,1,CAM,12,5,39195,-1
veh5,39207,,39.2088,1,CAM,6,5,39207,-1
veh5,39217,,39.2306,1,CAM,7,5,39217,-1
veh5,39265,,39.2726,1,CAM,9,5,39265,-1
veh5,39267,,39.2846,1,CAM,11,5,39267,-1
veh5,39287,39.2879,,0,CAM,5,,39287,-1
veh5,39307,,39.3088,1,CAM,6,5,39307,-1
veh5,39303,,39.3096,1,CAM,8,5,39303,-1
veh5,39311,,39.3218,1,CAM,10,5,39311,-1
veh5,39318,,39.3286,1,CAM,3,5,39318,-1
veh5,39395,,39.4001,1,CAM,12,5,39395,-1
veh5,39407,,39.4088,1,CAM,6,5,39407,-1
veh5,39417,,39.4271,1,CAM,7,5,39417,-1
veh5,39465,,39.4726,1,CAM,9,5,39465,-1
veh5,39467,,39.4846,1,CAM,11,5,39467,-1
veh5,39487,39.4879,,0,CAM,5,,39487,-1
veh5,39507,,39.5088,1,CAM,6,5,39507,-1
veh5,39503,,39.5096,1,CAM,8,5,39503,-1
veh5,39511,,39.5188,1,CAM,10,5,39511,-1
veh5,39518,,39.5286,1,CAM,3,5,39518,-1
veh5,39587,39.5879,,0,CAM,5,,39587,-1
veh5,39595,,39.6001,1,CAM,12,5,39595,-1
veh5,39603,,39.6041,1,CAM,8,5,39603,-1
veh5,39607,,39.6088,1,CAM,6,5,39607,-1
veh5,39617,,39.6271,1,CAM,7,5,39617,-1
veh5,39665,,39.6726,1,CAM,9,5,39665,-1
veh5,39667,,39.6823,1,CAM,11,5,39667,-1
veh5,39687,39.6879,,0,CAM,5,,39687,-1
veh5,39703,,39.7041,1,CAM,8,5,39703,-1
veh5,39711,,39.7188,1,CAM,10,5,39711,-1
veh5,39707,,39.7193,1,CAM,6,5,39707,-1
veh5,39718,,39.7286,1,CAM,3,5,39718,-1
veh5,39765,,39.7726,1,CAM,9,5,39765,-1
veh5,39787,39.7879,,0,CAM,5,,39787,-1
veh5,39795,,39.7971,1,CAM,12,5,39795,-1
veh5,39803,,39.8041,1,CAM,8,5,39803,-1
veh5,39807,,39.8193,1,CAM,6,5,39807,-1
veh5,39817,,39.8271,1,CAM,7,5,39817,-1
veh5,39818,,39.8286,1,CAM,3,5,39818,-1
veh5,39865,,39.8726,1,CAM,9,5,39865,-1
veh5,39867,,39.8823,1,CAM,11,5,39867,-1
veh5,39887,39.8879,,0,CAM,5,,39887,-1
