vehicle_id,msg_seq,tx_t_s,rx_t_s,rx_ok,msg_type,tx_id,rx_id,cam_gdt_ms,pkt_uid
veh2,1123,1.12371,,0,CAM,2,,1123,-1
veh2,1323,1.32371,,0,CAM,2,,1323,-1
veh2,1523,1.52371,,0,CAM,2,,1523,-1
veh2,1723,1.72371,,0,CAM,2,,1723,-1
veh2,1923,1.92371,,0,CAM,2,,1923,-1
veh2,2024,,2.03308,1,CAM,3,2,2024,-1
veh2,2034,,2.04358,1,CAM,6,2,2034,-1
veh2,2064,,2.06808,1,CAM,7,2,2064,-1
veh2,2123,2.12371,,0,CAM,2,,2123,-1
veh2,2124,,2.13308,1,CAM,3,2,2124,-1
veh2,2137,,2.15233,1,CAM,5,2,2137,-1
veh2,2164,,2.16808,1,CAM,7,2,2164,-1
veh2,2175,,2.18633,1,CAM,4,2,2175,-1
veh2,2224,,2.23308,1,CAM,3,2,2224,-1
veh2,2234,,2.24358,1,CAM,6,2,2234,-1
veh2,2237,,2.25233,1,CAM,5,2,2237,-1
veh2,2264,,2.26808,1,CAM,7,2,2264,-1
veh2,2323,2.32371,,0,CAM,2,,2323,-1
veh2,2324,,2.33308,1,CAM,3,2,2324,-1
veh2,2334,,2.34358,1,CAM,6,2,2334,-1
veh2,2337,,2.35233,1,CAM,5,2,2337,-1
veh2,2364,,2.36808,1,CAM,7,2,2364,-1
veh2,2375,,2.38633,1,CAM,4,2,2375,-1
veh2,2424,,2.43308,1,CAM,3,2,2424,-1
veh2,2434,,2.44358,1,CAM,6,2,2434,-1
veh2,2437,,2.45233,1,CAM,5,2,2437,-1
veh2,2464,,2.46808,1,CAM,7,2,2464,-1
veh2,2523,2.52371,,0,CAM,2,,2523,-1
veh2,2524,,2.53308,1,CAM,3,2,2524,-1
veh2,2534,,2.54358,1,CAM,6,2,2534,-1
veh2,2537,,2.55233,1,CAM,5,2,2537,-1
veh2,2564,,2.56808,1,CAM,7,2,2564,-1
veh2,2575,,2.58633,1,CAM,4,2,2575,-1
veh2,2634,,2.64358,1,CAM,6,2,2634,-1
veh2,2637,,2.65233,1,CAM,5,2,2637,-1
veh2,2664,,2.66808,1,CAM,7,2,2664,-1
veh2,2723,2.72371,,0,CAM,2,,2723,-1
veh2,2724,,2.73308,1,CAM,3,2,2724,-1
veh2,2734,,2.74358,1,CAM,6,2,2734,-1
veh2,2737,,2.75233,1,CAM,5,2,2737,-1
veh2,2775,,2.78633,1,CAM,4,2,2775,-1
veh2,2834,,2.84358,1,CAM,6,2,2834,-1
veh2,2875,,2.88633,1,CAM,4,2,2875,-1
veh2,2923,2.92371,,0,CAM,2,,2923,-1
veh2,2924,,2.93308,1,CAM,3,2,2924,-1
veh2,2937,,2.94258,1,CAM,5,2,2937,-1
veh2,2964,,2.96808,1,CAM,7,2,2964,-1
veh2,2975,,2.97908,1,CAM,4,2,2975,-1
veh2,3075,,3.07908,1,CAM,4,2,3075,-1
veh2,3123,3.12371,,0,CAM,2,,3123,-1
veh2,3124,,3.13308,1,CAM,3,2,3124,-1
veh2,3137,,3.14258,1,CAM,5,2,3137,-1
veh2,3134,,3.14808,1,CAM,6,2,3134,-1
veh2,3175,,3.17908,1,CAM,4,2,3175,-1
veh2,3275,,3.27908,1,CAM,4,2,3275,-1
veh2,3264,,3.28108,1,CAM,7,2,3264,-1
veh2,3323,3.32371,,0,CAM,2,,3323,-1
veh2,3324,,3.32533,1,CAM,3,2,3324,-1
veh2,3337,,3.34258,1,CAM,5,2,3337,-1
veh2,3375,,3.37908,1,CAM,4,2,3375,-1
veh2,3434,,3.44808,1,CAM,6,2,3434,-1
veh2,3523,3.52371,,0,CAM,2,,3523,-1
veh2,3524,,3.52533,1,CAM,3,2,3524,-1
veh2,3537,,3.54258,1,CAM,5,2,3537,-1
veh2,3575,,3.57908,1,CAM,4,2,3575,-1
veh2,3564,,3.58108,1,CAM,7,2,3564,-1
veh2,3661,,3.66383,1,CAM,8,2,3661,-1
veh2,3723,3.72371,,0,CAM,2,,3723,-1
veh2,3724,,3.72533,1,CAM,3,2,3724,-1
veh2,3737,,3.74258,1,CAM,5,2,3737,-1
veh2,3734,,3.74808,1,CAM,6,2,3734,-1
veh2,3775,,3.77908,1,CAM,4,2,3775,-1
veh2,3764,,3.78108,1,CAM,7,2,3764,-1
veh2,3837,,3.84158,1,CAM,5,2,3837,-1
veh2,3864,,3.88108,1,CAM,7,2,3864,-1
veh2,3923,3.92371,,0,CAM,2,,3923,-1
veh2,3924,,3.94083,1,CAM,3,2,3924,-1
veh2,3937,,3.94158,1,CAM,5,2,3937,-1
veh2,3961,,3.97683,1,CAM,8,2,3961,-1
veh2,3975,,3.97908,1,CAM,4,2,3975,-1
veh2,3964,,3.98108,1,CAM,7,2,3964,-1
veh2,4034,,4.04083,1,CAM,6,2,4034,-1
veh2,4037,,4.04158,1,CAM,5,2,4037,-1
veh2,4064,,4.08108,1,CAM,7,2,4064,-1
veh2,4123,4.12371,,0,CAM,2,,4123,-1
veh2,4124,,4.14083,1,CAM,3,2,4124,-1
veh2,4137,,4.14158,1,CAM,5,2,4137,-1
veh2,4164,,4.17483,1,CAM,7,2,4164,-1
veh2,4175,,4.17908,1,CAM,4,2,4175,-1
veh2,4234,,4.24083,1,CAM,6,2,4234,-1
veh2,4237,,4.24158,1,CAM,5,2,4237,-1
veh2,4261,,4.26383,1,CAM,8,2,4261,-1
veh2,4264,,4.27483,1,CAM,7,2,4264,-1
veh2,4323,4.32371,,0,CAM,2,,4323,-1
veh2,4334,,4.34083,1,CAM,6,2,4334,-1
veh2,4324,,4.34083,1,CAM,3,2,4324,-1
veh2,4337,,4.34158,1,CAM,5,2,4337,-1
veh2,4375,,4.39158,1,CAM,4,2,4375,-1
veh2,4434,,4.44083,1,CAM,6,2,4434,-1
veh2,4523,4.52371,,0,CAM,2,,4523,-1
veh2,4524,,4.53833,1,CAM,3,2,4524,-1
veh2,4534,,4.54083,1,CAM,6,2,4534,-1
veh2,4537,,4.54158,1,CAM,5,2,4537,-1
veh2,4564,,4.57483,1,CAM,7,2,4564,-1
veh2,4575,,4.59158,1,CAM,4,2,4575,-1
veh2,4634,,4.64083,1,CAM,6,2,4634,-1
veh2,4561,,4.67933,1,CAM,8,2,4561,-1
veh2,4723,4.72371,,0,CAM,2,,4723,-1
veh2,4724,,4.73833,1,CAM,3,2,4724,-1
veh2,4734,,4.74083,1,CAM,6,2,4734,-1
veh2,4737,,4.74158,1,CAM,5,2,4737,-1
veh2,4775,,4.79158,1,CAM,4,2,4775,-1
veh2,4864,,4.87083,1,CAM,7,2,4864,-1
veh2,4861,,4.87933,1,CAM,8,2,4861,-1
veh2,4923,4.92371,,0,CAM,2,,4923,-1
veh2,4924,,4.93833,1,CAM,3,2,4924,-1
veh2,4937,,4.94158,1,CAM,5,2,4937,-1
veh2,4975,,4.99158,1,CAM,4,2,4975,-1
veh2,5034,,5.04083,1,CAM,6,2,5034,-1
veh2,5123,5.12371,,0,CAM,2,,5123,-1
veh2,5124,,5.13833,1,CAM,3,2,5124,-1
veh2,5137,,5.14008,1,CAM,5,2,5137,-1
veh2,5164,,5.17083,1,CAM,7,2,5164,-1
veh2,5161,,5.17933,1,CAM,8,2,5161,-1
veh2,5175,,5.19158,1,CAM,4,2,5175,-1
veh2,5261,,5.27933,1,CAM,8,2,5261,-1
veh2,5323,5.32371,,0,CAM,2,,5323,-1
veh2,5337,,5.34008,1,CAM,5,2,5337,-1
veh2,5324,,5.34008,1,CAM,3,2,5324,-1
veh2,5334,,5.34083,1,CAM,6,2,5334,-1
veh2,5375,,5.39158,1,CAM,4,2,5375,-1
veh2,5464,,5.47083,1,CAM,7,2,5464,-1
veh2,5523,5.52371,,0,CAM,2,,5523,-1
veh2,5524,,5.54008,1,CAM,3,2,5524,-1
veh2,5537,,5.54008,1,CAM,5,2,5537,-1
veh2,5575,,5.58033,1,CAM,4,2,5575,-1
veh2,5634,,5.65283,1,CAM,6,2,5634,-1
veh2,5664,,5.66683,1,CAM,7,2,5664,-1
veh2,5723,5.72371,,0,CAM,2,,5723,-1
veh2,5724,,5.74008,1,CAM,3,2,5724,-1
veh2,5737,,5.75433,1,CAM,5,2,5737,-1
veh2,5764,,5.76683,1,CAM,7,2,5764,-1
veh2,5775,,5.78033,1,CAM,4,2,5775,-1
veh2,5864,,5.86683,1,CAM,7,2,5864,-1
veh2,5923,5.92371,,0,CAM,2,,5923,-1
veh2,5924,,5.94008,1,CAM,3,2,5924,-1
veh2,5934,,5.95283,1,CAM,6,2,5934,-1
veh2,5937,,5.95433,1,CAM,5,2,5937,-1
veh2,5964,,5.96683,1,CAM,7,2,5964,-1
veh2,5975,,5.98033,1,CAM,4,2,5975,-1
veh2,6064,,6.06683,1,CAM,7,2,6064,-1
veh2,6124,,6.14008,1,CAM,3,2,6124,-1
veh2,6137,,6.15683,1,CAM,5,2,6137,-1
veh2,6164,,6.16683,1,CAM,7,2,6164,-1
veh2,6175,,6.18033,1,CAM,4,2,6175,-1
veh2,6189,,6.20258,1,CAM,9,2,6189,-1
veh2,6223,6.22371,,0,CAM,2,,6223,-1
veh2,6161,,6.23558,1,CAM,8,2,6161,-1
veh2,6224,,6.24008,1,CAM,3,2,6224,-1
veh2,6234,,6.25283,1,CAM,6,2,6234,-1
veh2,6264,,6.26683,1,CAM,7,2,6264,-1
veh2,6289,,6.30258,1,CAM,9,2,6289,-1
veh2,6324,,6.34008,1,CAM,3,2,6324,-1
veh2,6334,,6.35283,1,CAM,6,2,6334,-1
veh2,6337,,6.35683,1,CAM,5,2,6337,-1
veh2,6375,,6.39133,1,CAM,4,2,6375,-1
veh2,6389,,6.40258,1,CAM,9,2,6389,-1
veh2,6424,,6.44008,1,CAM,3,2,6424,-1
veh2,6434,,6.45283,1,CAM,6,2,6434,-1
veh2,6461,,6.47458,1,CAM,8,2,6461,-1
veh2,6489,,6.50258,1,CAM,9,2,6489,-1
veh2,6523,6.52371,,0,CAM,2,,6523,-1
veh2,6524,,6.54183,1,CAM,3,2,6524,-1
veh2,6534,,6.55283,1,CAM,6,2,6534,-1
veh2,6537,,6.55683,1,CAM,5,2,6537,-1
veh2,6564,,6.56733,1,CAM,7,2,6564,-1
veh2,6575,,6.59133,1,CAM,4,2,6575,-1
veh2,6589,,6.60008,1,CAM,9,2,6589,-1
veh2,6624,,6.64183,1,CAM,3,2,6624,-1
veh2,6634,,6.65283,1,CAM,6,2,6634,-1
veh2,6689,,6.70008,1,CAM,9,2,6689,-1
veh2,6724,,6.74183,1,CAM,3,2,6724,-1
veh2,6734,,6.75283,1,CAM,6,2,6734,-1
veh2,6737,,6.75683,1,CAM,5,2,6737,-1
veh2,6775,,6.79133,1,CAM,4,2,6775,-1
veh2,6823,6.82371,,0,CAM,2,,6823,-1
veh2,6824,,6.84183,1,CAM,3,2,6824,-1
veh2,6834,,6.85283,1,CAM,6,2,6834,-1
veh2,6864,,6.86733,1,CAM,7,2,6864,-1
veh2,6934,,6.93533,1,CAM,6,2,6934,-1
veh2,6924,,6.94183,1,CAM,3,2,6924,-1
veh2,6937,,6.95233,1,CAM,5,2,6937,-1
veh2,6975,,6.99133,1,CAM,4,2,6975,-1
veh2,6989,,7.00008,1,CAM,9,2,6989,-1
veh2,7034,,7.03533,1,CAM,6,2,7034,-1
veh2,7024,,7.04183,1,CAM,3,2,7024,-1
veh2,6961,,7.07458,1,CAM,8,2,6961,-1
veh2,7061,,7.07458,1,CAM,8,2,7061,-1
veh2,7123,7.12371,,0,CAM,2,,7123,-1
veh2,7124,,7.14183,1,CAM,3,2,7124,-1
veh2,7137,,7.15233,1,CAM,5,2,7137,-1
veh2,7164,,7.16733,1,CAM,7,2,7164,-1
veh2,7161,,7.19058,1,CAM,8,2,7161,-1
veh2,7175,,7.19133,1,CAM,4,2,7175,-1
veh2,7224,,7.24183,1,CAM,3,2,7224,-1
veh2,7289,,7.30558,1,CAM,9,2,7289,-1
veh2,7334,,7.33533,1,CAM,6,2,7334,-1
veh2,7324,,7.34183,1,CAM,3,2,7324,-1
veh2,7337,,7.35233,1,CAM,5,2,7337,-1
veh2,7375,,7.39333,1,CAM,4,2,7375,-1
veh2,7424,,7.44183,1,CAM,3,2,7424,-1
veh2,7464,,7.46733,1,CAM,7,2,7464,-1
veh2,7361,,7.47358,1,CAM,8,2,7361,-1
veh2,7461,,7.47358,1,CAM,8,2,7461,-1
veh2,7537,,7.55233,1,CAM,5,2,7537,-1
veh2,7561,,7.57358,1,CAM,8,2,7561,-1
veh2,7575,,7.59333,1,CAM,4,2,7575,-1
veh2,7589,,7.60558,1,CAM,9,2,7589,-1
veh2,7624,,7.64183,1,CAM,3,2,7624,-1
veh2,7634,,7.64933,1,CAM,6,2,7634,-1
veh2,7737,,7.75233,1,CAM,5,2,7737,-1
veh2,7764,,7.76608,1,CAM,7,2,7764,-1
veh2,7775,,7.79333,1,CAM,4,2,7775,-1
veh2,7824,,7.83658,1,CAM,3,2,7824,-1
veh2,7864,,7.86608,1,CAM,7,2,7864,-1
veh2,7861,,7.87033,1,CAM,8,2,7861,-1
veh2,7889,,7.90558,1,CAM,9,2,7889,-1
veh2,7934,,7.94933,1,CAM,6,2,7934,-1
veh2,7937,,7.95783,1,CAM,5,2,7937,-1
veh2,7964,,7.96608,1,CAM,7,2,7964,-1
veh2,7975,,7.99333,1,CAM,4,2,7975,-1
veh2,8024,,8.03658,1,CAM,3,2,8024,-1
veh2,8064,,8.06608,1,CAM,7,2,8064,-1
veh2,8123,8.12371,,0,CAM,2,,8123,-1
veh2,8137,,8.13783,1,CAM,5,2,8137,-1
veh2,8164,,8.16608,1,CAM,7,2,8164,-1
veh2,8161,,8.17033,1,CAM,8,2,8161,-1
veh2,8175,,8.19333,1,CAM,4,2,8175,-1
veh2,8189,,8.20558,1,CAM,9,2,8189,-1
veh2,8224,,8.23658,1,CAM,3,2,8224,-1
veh2,8234,,8.24883,1,CAM,6,2,8234,-1
veh2,8264,,8.26608,1,CAM,7,2,8264,-1
veh2,8289,,8.30558,1,CAM,9,2,8289,-1
veh2,8324,,8.33658,1,CAM,3,2,8324,-1
veh2,8337,,8.33783,1,CAM,5,2,8337,-1
veh2,8364,,8.36608,1,CAM,7,2,8364,-1
veh2,8375,,8.39333,1,CAM,4,2,8375,-1
veh2,8389,,8.40558,1,CAM,9,2,8389,-1
veh2,8424,,8.43733,1,CAM,3,2,8424,-1
veh2,8464,,8.46483,1,CAM,7,2,8464,-1
veh2,8461,,8.47033,1,CAM,8,2,8461,-1
veh2,8489,,8.50558,1,CAM,9,2,8489,-1
veh2,8524,,8.53733,1,CAM,3,2,8524,-1
veh2,8537,,8.54508,1,CAM,5,2,8537,-1
veh2,8534,,8.54883,1,CAM,6,2,8534,-1
veh2,8575,,8.59233,1,CAM,4,2,8575,-1
veh2,8589,,8.60558,1,CAM,9,2,8589,-1
veh2,8624,,8.63733,1,CAM,3,2,8624,-1
veh2,8689,,8.69608,1,CAM,9,2,8689,-1
veh2,8724,,8.73733,1,CAM,3,2,8724,-1
veh2,8737,,8.74808,1,CAM,5,2,8737,-1
veh2,8764,,8.76483,1,CAM,7,2,8764,-1
veh2,8761,,8.76733,1,CAM,8,2,8761,-1
veh2,8789,,8.79608,1,CAM,9,2,8789,-1
veh2,8824,,8.83733,1,CAM,3,2,8824,-1
veh2,8834,,8.84433,1,CAM,6,2,8834,-1
veh2,8861,,8.86733,1,CAM,8,2,8861,-1
veh2,8889,,8.89608,1,CAM,9,2,8889,-1
veh2,8924,,8.93733,1,CAM,3,2,8924,-1
veh2,8937,,8.94808,1,CAM,5,2,8937,-1
veh2,8961,,8.96733,1,CAM,8,2,8961,-1
veh2,9024,,9.03758,1,CAM,3,2,9024,-1
veh2,9064,,9.06483,1,CAM,7,2,9064,-1
veh2,9061,,9.06733,1,CAM,8,2,9061,-1
veh2,9123,9.12371,,0,CAM,2,,9123,-1
veh2,9124,,9.13758,1,CAM,3,2,9124,-1
veh2,9134,,9.14433,1,CAM,6,2,9134,-1
veh2,9137,,9.14808,1,CAM,5,2,9137,-1
veh2,9161,,9.16733,1,CAM,8,2,9161,-1
veh2,9224,,9.23758,1,CAM,3,2,9224,-1
veh2,9261,,9.26733,1,CAM,8,2,9261,-1
veh2,9189,,9.29608,1,CAM,9,2,9189,-1
veh2,9324,,9.33758,1,CAM,3,2,9324,-1
veh2,9337,,9.34183,1,CAM,5,2,9337,-1
veh2,9361,,9.36733,1,CAM,8,2,9361,-1
veh2,9364,,9.37933,1,CAM,7,2,9364,-1
veh2,9424,,9.43758,1,CAM,3,2,9424,-1
veh2,9434,,9.43983,1,CAM,6,2,9434,-1
veh2,9461,,9.46708,1,CAM,8,2,9461,-1
veh2,9489,,9.50658,1,CAM,9,2,9489,-1
veh2,9524,,9.53758,1,CAM,3,2,9524,-1
veh2,9537,,9.54183,1,CAM,5,2,9537,-1
veh2,9575,,9.58958,1,CAM,4,2,9575,-1
veh2,9664,,9.67933,1,CAM,7,2,9664,-1
veh2,9670,,9.68483,1,CAM,10,2,9670,-1
veh2,9734,,9.73983,1,CAM,6,2,9734,-1
veh2,9737,,9.74183,1,CAM,5,2,9737,-1
veh2,9761,,9.76708,1,CAM,8,2,9761,-1
veh2,9924,,9.93758,1,CAM,3,2,9924,-1
veh2,9937,,9.94183,1,CAM,5,2,9937,-1
veh2,9964,,9.97933,1,CAM,7,2,9964,-1
veh2,9970,,9.98483,1,CAM,10,2,9970,-1
veh2,10034,,10.0398,1,CAM,6,2,10034,-1
veh2,10061,,10.0671,1,CAM,8,2,10061,-1
veh2,9989,,10.0983,1,CAM,9,2,9989,-1
veh2,10089,,10.0983,1,CAM,9,2,10089,-1
veh2,10123,10.1237,,0,CAM,2,,10123,-1
veh2,10137,,10.1418,1,CAM,5,2,10137,-1
veh2,10189,,10.2066,1,CAM,9,2,10189,-1
veh2,10237,,10.2418,1,CAM,5,2,10237,-1
veh2,10270,,10.2791,1,CAM,10,2,10270,-1
veh2,10264,,10.2793,1,CAM,7,2,10264,-1
veh2,10289,,10.3066,1,CAM,9,2,10289,-1
veh2,10324,,10.3338,1,CAM,3,2,10324,-1
veh2,10334,,10.3398,1,CAM,6,2,10334,-1
veh2,10337,,10.3418,1,CAM,5,2,10337,-1
veh2,10361,,10.3671,1,CAM,8,2,10361,-1
veh2,10389,,10.3983,1,CAM,9,2,10389,-1
veh2,10437,,10.4433,1,CAM,5,2,10437,-1
veh2,10489,,10.4983,1,CAM,9,2,10489,-1
veh2,10537,,10.5433,1,CAM,5,2,10537,-1
veh2,10570,,10.5791,1,CAM,10,2,10570,-1
veh2,10564,,10.5841,1,CAM,7,2,10564,-1
veh2,10575,,10.5896,1,CAM,4,2,10575,-1
veh2,10634,,10.6398,1,CAM,6,2,10634,-1
veh2,10637,,10.6433,1,CAM,5,2,10637,-1
veh2,10661,,10.6671,1,CAM,8,2,10661,-1
veh2,10724,,10.7338,1,CAM,3,2,10724,-1
veh2,10737,,10.7433,1,CAM,5,2,10737,-1
veh2,10789,,10.8101,1,CAM,9,2,10789,-1
veh2,10837,,10.8433,1,CAM,5,2,10837,-1
veh2,10864,,10.8841,1,CAM,7,2,10864,-1
veh2,10870,,10.8893,1,CAM,10,2,10870,-1
veh2,10934,,10.9396,1,CAM,6,2,10934,-1
veh2,10937,,10.9433,1,CAM,5,2,10937,-1
veh2,10961,,10.9691,1,CAM,8,2,10961,-1
veh2,11061,,11.0691,1,CAM,8,2,11061,-1
veh2,11123,11.1237,,0,CAM,2,,11123,-1
veh2,11124,,11.1338,1,CAM,3,2,11124,-1
veh2,11161,,11.1691,1,CAM,8,2,11161,-1
veh2,11170,,11.1816,1,CAM,10,2,11170,-1
veh2,11164,,11.1841,1,CAM,7,2,11164,-1
veh2,11234,,11.2396,1,CAM,6,2,11234,-1
veh2,11261,,11.2691,1,CAM,8,2,11261,-1
veh2,11270,,11.2816,1,CAM,10,2,11270,-1
veh2,11337,,11.3433,1,CAM,5,2,11337,-1
veh2,11361,,11.3691,1,CAM,8,2,11361,-1
veh2,11370,,11.3816,1,CAM,10,2,11370,-1
veh2,11461,,11.4703,1,CAM,8,2,11461,-1
veh2,11470,,11.4816,1,CAM,10,2,11470,-1
veh2,11464,,11.4841,1,CAM,7,2,11464,-1
veh2,11389,,11.5101,1,CAM,9,2,11389,-1
veh2,11534,,11.5396,1,CAM,6,2,11534,-1
veh2,11524,,11.5431,1,CAM,3,2,11524,-1
veh2,11561,,11.5703,1,CAM,8,2,11561,-1
veh2,11570,,11.5843,1,CAM,10,2,11570,-1
veh2,11575,,11.5886,1,CAM,4,2,11575,-1
veh2,11661,,11.6703,1,CAM,8,2,11661,-1
veh2,11670,,11.6843,1,CAM,10,2,11670,-1
veh2,11689,,11.7071,1,CAM,9,2,11689,-1
veh2,11737,,11.7433,1,CAM,5,2,11737,-1
veh2,11761,,11.7703,1,CAM,8,2,11761,-1
veh2,11764,,11.7736,1,CAM,7,2,11764,-1
veh2,11770,,11.7816,1,CAM,10,2,11770,-1
veh2,11834,,11.8396,1,CAM,6,2,11834,-1
veh2,11870,,11.8816,1,CAM,10,2,11870,-1
veh2,11889,,11.9071,1,CAM,9,2,11889,-1
veh2,11924,,11.9431,1,CAM,3,2,11924,-1
veh2,11989,,12.0071,1,CAM,9,2,11989,-1
veh2,12061,,12.0703,1,CAM,8,2,12061,-1
veh2,12064,,12.0733,1,CAM,7,2,12064,-1
veh2,12089,,12.1071,1,CAM,9,2,12089,-1
veh2,12123,12.1237,,0,CAM,2,,12123,-1
veh2,12137,,12.1383,1,CAM,5,2,12137,-1
veh2,12134,,12.1543,1,CAM,6,2,12134,-1
veh2,12189,,12.2051,1,CAM,9,2,12189,-1
veh2,12289,,12.3051,1,CAM,9,2,12289,-1
veh2,12324,,12.3331,1,CAM,3,2,12324,-1
veh2,12361,,12.3703,1,CAM,8,2,12361,-1
veh2,12364,,12.3733,1,CAM,7,2,12364,-1
veh2,12389,,12.4051,1,CAM,9,2,12389,-1
veh2,12434,,12.4418,1,CAM,6,2,12434,-1
veh2,12470,,12.4848,1,CAM,11,2,12470,-1
veh2,12489,,12.5051,1,CAM,9,2,12489,-1
veh2,12537,,12.5383,1,CAM,5,2,12537,-1
veh2,12575,,12.5903,1,CAM,4,2,12575,-1
veh2,12661,,12.6663,1,CAM,8,2,12661,-1
veh2,12664,,12.6733,1,CAM,7,2,12664,-1
veh2,12724,,12.7331,1,CAM,3,2,12724,-1
veh2,12734,,12.7418,1,CAM,6,2,12734,-1
veh2,12770,,12.7818,1,CAM,11,2,12770,-1
veh2,12789,,12.8051,1,CAM,9,2,12789,-1
veh2,12937,,12.9383,1,CAM,5,2,12937,-1
veh2,12961,,12.9663,1,CAM,8,2,12961,-1
veh2,12964,,12.9733,1,CAM,7,2,12964,-1
veh2,12970,,13.0233,1,CAM,10,2,12970,-1
veh2,13034,,13.0418,1,CAM,6,2,13034,-1
veh2,13070,,13.0818,1,CAM,11,2,13070,-1
veh2,13070,,13.0833,1,CAM,10,2,13070,-1
veh2,13089,,13.1053,1,CAM,9,2,13089,-1
veh2,13123,13.1237,,0,CAM,2,,13123,-1
veh2,13124,,13.1311,1,CAM,3,2,13124,-1
veh2,13170,,13.1833,1,CAM,10,2,13170,-1
veh2,13261,,13.2663,1,CAM,8,2,13261,-1
veh2,13264,,13.2733,1,CAM,7,2,13264,-1
veh2,13270,,13.2833,1,CAM,10,2,13270,-1
veh2,13324,,13.3311,1,CAM,3,2,13324,-1
veh2,13334,,13.3418,1,CAM,6,2,13334,-1
veh2,13337,,13.3548,1,CAM,5,2,13337,-1
veh2,13370,,13.3818,1,CAM,11,2,13370,-1
veh2,13370,,13.3873,1,CAM,10,2,13370,-1
veh2,13389,,13.4053,1,CAM,9,2,13389,-1
veh2,13470,,13.4873,1,CAM,10,2,13470,-1
veh2,13524,,13.5311,1,CAM,3,2,13524,-1
veh2,13561,,13.5738,1,CAM,8,2,13561,-1
veh2,13564,,13.5741,1,CAM,7,2,13564,-1
veh2,13575,,13.5866,1,CAM,4,2,13575,-1
veh2,13634,,13.6418,1,CAM,6,2,13634,-1
veh2,13670,,13.6751,1,CAM,11,2,13670,-1
veh2,13689,,13.7006,1,CAM,9,2,13689,-1
veh2,13724,,13.7311,1,CAM,3,2,13724,-1
veh2,13737,,13.7548,1,CAM,5,2,13737,-1
veh2,13770,,13.7873,1,CAM,10,2,13770,-1
veh2,13861,,13.8738,1,CAM,8,2,13861,-1
veh2,13864,,13.8741,1,CAM,7,2,13864,-1
veh2,13924,,13.9311,1,CAM,3,2,13924,-1
veh2,13934,,13.9391,1,CAM,6,2,13934,-1
veh2,13970,,13.9886,1,CAM,11,2,13970,-1
veh2,13989,,14.0006,1,CAM,9,2,13989,-1
veh2,14070,,14.0873,1,CAM,10,2,14070,-1
veh2,14089,,14.1006,1,CAM,9,2,14089,-1
veh2,14123,14.1237,,0,CAM,2,,14123,-1
veh2,14124,,14.1311,1,CAM,3,2,14124,-1
veh2,14137,,14.1548,1,CAM,5,2,14137,-1
veh2,14164,,14.1716,1,CAM,7,2,14164,-1
veh2,14161,,14.1738,1,CAM,8,2,14161,-1
veh2,14189,,14.2006,1,CAM,9,2,14189,-1
veh2,14234,,14.2391,1,CAM,6,2,14234,-1
veh2,14264,,14.2716,1,CAM,7,2,14264,-1
veh2,14270,,14.2751,1,CAM,11,2,14270,-1
veh2,14289,,14.2903,1,CAM,9,2,14289,-1
veh2,14324,,14.3318,1,CAM,3,2,14324,-1
veh2,14334,,14.3391,1,CAM,6,2,14334,-1
veh2,14364,,14.3716,1,CAM,7,2,14364,-1
veh2,14370,,14.3751,1,CAM,11,2,14370,-1
veh2,14370,,14.3891,1,CAM,10,2,14370,-1
veh2,14389,,14.3903,1,CAM,9,2,14389,-1
veh2,14434,,14.4391,1,CAM,6,2,14434,-1
veh2,14464,,14.4716,1,CAM,7,2,14464,-1
veh2,14461,,14.4738,1,CAM,8,2,14461,-1
veh2,14470,,14.4751,1,CAM,11,2,14470,-1
veh2,14489,,14.4903,1,CAM,9,2,14489,-1
veh2,14524,,14.5318,1,CAM,3,2,14524,-1
veh2,14537,,14.5383,1,CAM,5,2,14537,-1
veh2,14534,,14.5391,1,CAM,6,2,14534,-1
veh2,14564,,14.5716,1,CAM,7,2,14564,-1
veh2,14575,,14.5796,1,CAM,4,2,14575,-1
veh2,14570,,14.5886,1,CAM,11,2,14570,-1
veh2,14589,,14.5903,1,CAM,9,2,14589,-1
veh2,14634,,14.6391,1,CAM,6,2,14634,-1
veh2,14664,,14.6716,1,CAM,7,2,14664,-1
veh2,14670,,14.6808,1,CAM,11,2,14670,-1
veh2,14670,,14.6891,1,CAM,10,2,14670,-1
veh2,14689,,14.6903,1,CAM,9,2,14689,-1
veh2,14724,,14.7318,1,CAM,3,2,14724,-1
veh2,14734,,14.7391,1,CAM,6,2,14734,-1
veh2,14764,,14.7716,1,CAM,7,2,14764,-1
veh2,14761,,14.7738,1,CAM,8,2,14761,-1
veh2,14789,,14.7903,1,CAM,9,2,14789,-1
veh2,14834,,14.8391,1,CAM,6,2,14834,-1
veh2,14864,,14.8671,1,CAM,7,2,14864,-1
veh2,14870,,14.8891,1,CAM,10,2,14870,-1
veh2,14889,,14.8903,1,CAM,9,2,14889,-1
veh2,14924,,14.9248,1,CAM,3,2,14924,-1
veh2,14937,,14.9383,1,CAM,5,2,14937,-1
veh2,14934,,14.9391,1,CAM,6,2,14934,-1
veh2,14964,,14.9671,1,CAM,7,2,14964,-1
veh2,14970,,14.9866,1,CAM,10,2,14970,-1
veh2,15034,,15.0391,1,CAM,6,2,15034,-1
veh2,15064,,15.0671,1,CAM,7,2,15064,-1
veh2,15061,,15.0723,1,CAM,8,2,15061,-1
veh2,15070,,15.0866,1,CAM,10,2,15070,-1
veh2,15123,15.1237,,0,CAM,2,,15123,-1
veh2,15124,,15.1248,1,CAM,3,2,15124,-1
veh2,15134,,15.1391,1,CAM,6,2,15134,-1
veh2,15170,,15.1866,1,CAM,10,2,15170,-1
veh2,15189,,15.1903,1,CAM,9,2,15189,-1
veh2,15234,,15.2391,1,CAM,6,2,15234,-1
veh2,15264,,15.2671,1,CAM,7,2,15264,-1
veh2,15270,,15.2866,1,CAM,10,2,15270,-1
veh2,15324,,15.3248,1,CAM,3,2,15324,-1
veh2,15337,,15.3383,1,CAM,5,2,15337,-1
veh2,15334,,15.3543,1,CAM,6,2,15334,-1
veh2,15370,,15.3713,1,CAM,11,2,15370,-1
veh2,15361,,15.3723,1,CAM,8,2,15361,-1
veh2,15364,,15.3753,1,CAM,7,2,15364,-1
veh2,15370,,15.3866,1,CAM,10,2,15370,-1
veh2,15434,,15.4543,1,CAM,6,2,15434,-1
veh2,15464,,15.4753,1,CAM,7,2,15464,-1
veh2,15470,,15.4866,1,CAM,10,2,15470,-1
veh2,15489,,15.4903,1,CAM,9,2,15489,-1
veh2,15524,,15.5256,1,CAM,3,2,15524,-1
veh2,15537,,15.5383,1,CAM,5,2,15537,-1
veh2,15534,,15.5543,1,CAM,6,2,15534,-1
veh2,15564,,15.5753,1,CAM,7,2,15564,-1
veh2,15575,,15.5796,1,CAM,4,2,15575,-1
veh2,15664,,15.6753,1,CAM,7,2,15664,-1
veh2,15661,,15.6768,1,CAM,8,2,15661,-1
veh2,15670,,15.6808,1,CAM,11,2,15670,-1
veh2,15724,,15.7256,1,CAM,3,2,15724,-1
veh2,15737,,15.7568,1,CAM,5,2,15737,-1
veh2,15745,,15.7628,1,CAM,12,2,15745,-1
veh2,15764,,15.7753,1,CAM,7,2,15764,-1
veh2,15770,,15.7861,1,CAM,10,2,15770,-1
veh2,15789,,15.7923,1,CAM,9,2,15789,-1
veh2,15864,,15.8753,1,CAM,7,2,15864,-1
veh2,15924,,15.9256,1,CAM,3,2,15924,-1
veh2,15937,,15.9568,1,CAM,5,2,15937,-1
veh2,15961,,15.9768,1,CAM,8,2,15961,-1
veh2,16034,,16.0543,1,CAM,6,2,16034,-1
veh2,16045,,16.0628,1,CAM,12,2,16045,-1
veh2,16070,,16.0861,1,CAM,10,2,16070,-1
veh2,15970,,16.0898,1,CAM,11,2,15970,-1
veh2,16070,,16.0898,1,CAM,11,2,16070,-1
veh2,16089,,16.0923,1,CAM,9,2,16089,-1
veh2,16123,16.1237,,0,CAM,2,,16123,-1
veh2,16124,,16.1256,1,CAM,3,2,16124,-1
veh2,16137,,16.1568,1,CAM,5,2,16137,-1
veh2,16170,,16.1991,1,CAM,11,2,16170,-1
veh2,16261,,16.2768,1,CAM,8,2,16261,-1
veh2,16270,,16.2991,1,CAM,11,2,16270,-1
veh2,16324,,16.3423,1,CAM,3,2,16324,-1
veh2,16337,,16.3568,1,CAM,5,2,16337,-1
veh2,16345,,16.3621,1,CAM,12,2,16345,-1
veh2,16370,,16.3861,1,CAM,10,2,16370,-1
veh2,16370,,16.3898,1,CAM,11,2,16370,-1
veh2,16389,,16.3918,1,CAM,9,2,16389,-1
veh2,16464,,16.4743,1,CAM,7,2,16464,-1
veh2,16470,,16.4898,1,CAM,11,2,16470,-1
veh2,16524,,16.5423,1,CAM,3,2,16524,-1
veh2,16534,,16.5506,1,CAM,6,2,16534,-1
veh2,16537,,16.5568,1,CAM,5,2,16537,-1
veh2,16561,,16.5768,1,CAM,8,2,16561,-1
veh2,16575,,16.5856,1,CAM,4,2,16575,-1
veh2,16645,,16.6738,1,CAM,12,2,16645,-1
veh2,16670,,16.6861,1,CAM,10,2,16670,-1
veh2,16689,,16.6918,1,CAM,9,2,16689,-1
veh2,16724,,16.7423,1,CAM,3,2,16724,-1
veh2,16737,,16.7518,1,CAM,5,2,16737,-1
veh2,16770,,16.7723,1,CAM,11,2,16770,-1
veh2,16861,,16.8651,1,CAM,8,2,16861,-1
veh2,16924,,16.9423,1,CAM,3,2,16924,-1
veh2,16937,,16.9518,1,CAM,5,2,16937,-1
veh2,16945,,16.9738,1,CAM,12,2,16945,-1
veh2,16964,,16.9743,1,CAM,7,2,16964,-1
veh2,16970,,16.9893,1,CAM,10,2,16970,-1
veh2,16989,,16.9918,1,CAM,9,2,16989,-1
veh2,17024,,17.0423,1,CAM,3,2,17024,-1
veh2,17034,,17.0506,1,CAM,6,2,17034,-1
veh2,17070,,17.0723,1,CAM,11,2,17070,-1
veh2,17070,,17.0893,1,CAM,10,2,17070,-1
veh2,17123,17.1237,,0,CAM,2,,17123,-1
veh2,17124,,17.1423,1,CAM,3,2,17124,-1
veh2,17137,,17.1518,1,CAM,5,2,17137,-1
veh2,17161,,17.1651,1,CAM,8,2,17161,-1
veh2,17170,,17.1893,1,CAM,10,2,17170,-1
veh2,17224,,17.2423,1,CAM,3,2,17224,-1
veh2,17245,,17.2621,1,CAM,12,2,17245,-1
veh2,17270,,17.2893,1,CAM,10,2,17270,-1
veh2,17289,,17.2918,1,CAM,9,2,17289,-1
veh2,17324,,17.3423,1,CAM,3,2,17324,-1
veh2,17337,,17.3518,1,CAM,5,2,17337,-1
veh2,17345,,17.3621,1,CAM,12,2,17345,-1
veh2,17370,,17.3723,1,CAM,11,2,17370,-1
veh2,17370,,17.3893,1,CAM,10,2,17370,-1
veh2,17424,,17.4343,1,CAM,3,2,17424,-1
veh2,17445,,17.4621,1,CAM,12,2,17445,-1
veh2,17461,,17.4651,1,CAM,8,2,17461,-1
veh2,17464,,17.4683,1,CAM,7,2,17464,-1
veh2,17470,,17.4893,1,CAM,10,2,17470,-1
veh2,17534,,17.5506,1,CAM,6,2,17534,-1
veh2,17537,,17.5518,1,CAM,5,2,17537,-1
veh2,17545,,17.5678,1,CAM,12,2,17545,-1
veh2,17570,,17.5843,1,CAM,10,2,17570,-1
veh2,17575,,17.5936,1,CAM,4,2,17575,-1
veh2,17589,,17.6073,1,CAM,9,2,17589,-1
veh2,17624,,17.6343,1,CAM,3,2,17624,-1
veh2,17645,,17.6678,1,CAM,12,2,17645,-1
veh2,17670,,17.6843,1,CAM,10,2,17670,-1
veh2,17670,,17.6868,1,CAM,11,2,17670,-1
veh2,17737,,17.7518,1,CAM,5,2,17737,-1
veh2,17761,,17.7688,1,CAM,8,2,17761,-1
veh2,17824,,17.8343,1,CAM,3,2,17824,-1
veh2,17870,,17.8868,1,CAM,11,2,17870,-1
veh2,17889,,17.9073,1,CAM,9,2,17889,-1
veh2,17937,,17.9518,1,CAM,5,2,17937,-1
veh2,17964,,17.9683,1,CAM,7,2,17964,-1
veh2,17970,,17.9843,1,CAM,10,2,17970,-1
veh2,17970,,17.9868,1,CAM,11,2,17970,-1
veh2,18024,,18.0343,1,CAM,3,2,18024,-1
veh2,18034,,18.0493,1,CAM,6,2,18034,-1
veh2,18061,,18.0688,1,CAM,8,2,18061,-1
veh2,18070,,18.0868,1,CAM,11,2,18070,-1
veh2,18123,18.1237,,0,CAM,2,,18123,-1
veh2,18137,,18.1511,1,CAM,5,2,18137,-1
veh2,18170,,18.1861,1,CAM,11,2,18170,-1
veh2,18189,,18.2073,1,CAM,9,2,18189,-1
veh2,18224,,18.2343,1,CAM,3,2,18224,-1
veh2,18270,,18.2811,1,CAM,10,2,18270,-1
veh2,18270,,18.2861,1,CAM,11,2,18270,-1
veh2,18337,,18.3511,1,CAM,5,2,18337,-1
veh2,18361,,18.3688,1,CAM,8,2,18361,-1
veh2,18370,,18.3861,1,CAM,11,2,18370,-1
veh2,18424,,18.4343,1,CAM,3,2,18424,-1
veh2,18464,,18.4783,1,CAM,7,2,18464,-1
veh2,18470,,18.4861,1,CAM,11,2,18470,-1
veh2,18489,,18.5073,1,CAM,9,2,18489,-1
veh2,18524,,18.5343,1,CAM,3,2,18524,-1
veh2,18534,,18.5493,1,CAM,6,2,18534,-1
veh2,18537,,18.5511,1,CAM,5,2,18537,-1
veh2,18570,,18.5811,1,CAM,10,2,18570,-1
veh2,18570,,18.5861,1,CAM,11,2,18570,-1
veh2,18575,,18.5948,1,CAM,4,2,18575,-1
veh2,18624,,18.6343,1,CAM,3,2,18624,-1
veh2,18724,,18.7356,1,CAM,3,2,18724,-1
veh2,18737,,18.7511,1,CAM,5,2,18737,-1
veh2,18761,,18.7688,1,CAM,8,2,18761,-1
veh2,18789,,18.8083,1,CAM,9,2,18789,-1
veh2,18824,,18.8356,1,CAM,3,2,18824,-1
veh2,18870,,18.8811,1,CAM,10,2,18870,-1
veh2,18870,,18.8861,1,CAM,11,2,18870,-1
veh2,18924,,18.9356,1,CAM,3,2,18924,-1
veh2,18937,,18.9511,1,CAM,5,2,18937,-1
veh2,18964,,18.9783,1,CAM,7,2,18964,-1
veh2,19024,,19.0356,1,CAM,3,2,19024,-1
veh2,19034,,19.0423,1,CAM,6,2,19034,-1
veh2,19037,,19.0511,1,CAM,5,2,19037,-1
veh2,18945,,19.0516,1,CAM,12,2,18945,-1
veh2,19045,,19.0516,1,CAM,12,2,19045,-1
veh2,19089,,19.1083,1,CAM,9,2,19089,-1
veh2,19123,19.1237,,0,CAM,2,,19123,-1
veh2,19137,,19.1511,1,CAM,5,2,19137,-1
veh2,19145,,19.1573,1,CAM,12,2,19145,-1
veh2,19161,,19.1688,1,CAM,8,2,19161,-1
veh2,19170,,19.1763,1,CAM,10,2,19170,-1
veh2,19170,,19.1826,1,CAM,11,2,19170,-1
veh2,19224,,19.2356,1,CAM,3,2,19224,-1
veh2,19237,,19.2511,1,CAM,5,2,19237,-1
veh2,19245,,19.2573,1,CAM,12,2,19245,-1
veh2,19261,,19.2638,1,CAM,8,2,19261,-1
veh2,19337,,19.3511,1,CAM,5,2,19337,-1
veh2,19345,,19.3516,1,CAM,12,2,19345,-1
veh2,19361,,19.3638,1,CAM,8,2,19361,-1
veh2,19389,,19.4083,1,CAM,9,2,19389,-1
veh2,19424,,19.4356,1,CAM,3,2,19424,-1
veh2,19437,,19.4511,1,CAM,5,2,19437,-1
veh2,19445,,19.4516,1,CAM,12,2,19445,-1
veh2,19461,,19.4638,1,CAM,8,2,19461,-1
veh2,19470,,19.4763,1,CAM,10,2,19470,-1
veh2,19464,,19.4813,1,CAM,7,2,19464,-1
veh2,19470,,19.4826,1,CAM,11,2,19470,-1
veh2,19534,,19.5423,1,CAM,6,2,19534,-1
veh2,19537,,19.5446,1,CAM,5,2,19537,-1
veh2,19561,,19.5638,1,CAM,8,2,19561,-1
veh2,19575,,19.5851,1,CAM,4,2,19575,-1
veh2,19589,,19.6083,1,CAM,9,2,19589,-1
veh2,19624,,19.6356,1,CAM,3,2,19624,-1
veh2,19661,,19.6638,1,CAM,8,2,19661,-1
veh2,19737,,19.7446,1,CAM,5,2,19737,-1
veh2,19745,,19.7516,1,CAM,12,2,19745,-1
veh2,19761,,19.7638,1,CAM,8,2,19761,-1
veh2,19770,,19.7763,1,CAM,10,2,19770,-1
veh2,19770,,19.7826,1,CAM,11,2,19770,-1
veh2,19789,,19.8083,1,CAM,9,2,19789,-1
veh2,19824,,19.8388,1,CAM,3,2,19824,-1
veh2,19861,,19.8638,1,CAM,8,2,19861,-1
